Keyword,Name,Type,Address,Phone,Plus Code,Rating,Website,Reviews Count,Latitude,Longitude,Map URL
Cykelbutik i Danmark Aabenraa,Lindebjerg,Bicycle store,"Vestvejen 153, 6200 Aabenraa, Denmark",+4563150000,"2CX3+6G Aabenraa, Denmark",Not Found,https://lindebjerg.dk/shop/frontpage.html,,55.0481068,9.4038284,https://www.google.com/maps/place/Lindebjerg/data=!4m7!3m6!1s0x47b3530556ce9a53:0xa1af3ae5d79460dc!8m2!3d55.0481068!4d9.4038284!16s%2Fg%2F11sk8bg_tx!19sChIJU5rOVgVTs0cR3GCU1-U6r6E?authuser=0&hl=en&rclk=1
Cykelbutik i Danmark Aabenraa,BH cykler,Bicycle store,"Løjt Nørregade 12, 6200 Aabenraa, Denmark",+4532143822,"3FR7+GW Aabenraa, Denmark",Not Found,Not Found,,55.091271,9.4647543,https://www.google.com/maps/place/BH+cykler/data=!4m7!3m6!1s0x47b352e55c8b7d51:0xe3be349f8fc6386a!8m2!3d55.091271!4d9.4647543!16s%2Fg%2F11h52x914v!19sChIJUX2LXOVSs0cRajjGj580vuM?authuser=0&hl=en&rclk=1
Cykelbutik i Danmark Aabenraa,Dania Bikes,Bicycle store,"Hærvejen 10, 6230 Rødekro, Denmark",+4574301000,"38FP+58 Rødekro, Denmark",4.5,http://www.daniabikes.com/,64,55.0729749,9.3358348,https://www.google.com/maps/place/Dania+Bikes/data=!4m7!3m6!1s0x47b3546a25ee0a23:0x42a3be650d262c92!8m2!3d55.0729749!4d9.3358348!16s%2Fg%2F11b6p6llfz!19sChIJIwruJWpUs0cRkiwmDWW-o0I?authuser=0&hl=en&rclk=1
Cykelbutik i Danmark Aabenraa,thansen Aabenraa,Home goods store,"Langebro 42A, 6200 Aabenraa, Denmark",+4531313131,"2CP7+CX Aabenraa, Denmark",4.1,https://www.thansen.dk/butikker/aabenraa?utm_source=google&utm_medium=organic&utm_campaign=local_search&utm_id=aabenraa,55,55.0361159,9.4148808,https://www.google.com/maps/place/thansen+Aabenraa/data=!4m7!3m6!1s0x47b3517ce2f61f67:0x789fb5c1c6081ba5!8m2!3d55.0361159!4d9.4148808!16s%2Fg%2F1tsjcqpk!19sChIJZx_24nxRs0cRpRsIxsG1n3g?authuser=0&hl=en&rclk=1
Cykelbutik i Danmark Aabenraa,Karstens bicycles and mopeds Centre,Bicycle store,"Langrode 21, 6200 Aabenraa, Denmark",+4574628500,"2CX5+H4 Aabenraa, Denmark",4.0,http://www.karstenscykel.dk/,45,55.0489786,9.4078268,https://www.google.com/maps/place/Karstens+bicycles+and+mopeds+Centre/data=!4m7!3m6!1s0x47b353dce900c551:0xd15ccabf8b656a3b!8m2!3d55.0489786!4d9.4078268!16s%2Fg%2F1tcxnr6m!19sChIJUcUA6dxTs0cRO2pli7_KXNE?authuser=0&hl=en&rclk=1
Cykelbutik i Danmark Aabenraa,Biltema,Warehouse store,"Kometvej 6, 6230 Rødekro, Denmark",+4570807770,"3997+G6 Rødekro, Denmark",4.3,https://www.biltema.dk/varehuse--abningstider/rodekro/?utm_source=gmb&utm_medium=organic&utm_campaign=gmb-button-roedekro,840,55.068786,9.3630838,https://www.google.com/maps/place/Biltema/data=!4m7!3m6!1s0x47b3546d8da05ddd:0xb46cb241f999e68a!8m2!3d55.068786!4d9.3630838!16s%2Fg%2F11x9yrxhd!19sChIJ3V2gjW1Us0cRiuaZ-UGybLQ?authuser=0&hl=en&rclk=1
Cykelbutik i Danmark Aabenraa,Cykelservice Aabenraa,Bicycle store,"H P Hanssens Gade 30, 6200 Aabenraa, Denmark",+4525776200,"2CWC+77 Aabenraa, Denmark",4.8,http://www.cykelservice-aabenraa.dk/,25,55.0456725,9.4206403,https://www.google.com/maps/place/Cykelservice+Aabenraa/data=!4m7!3m6!1s0x47b353c74bef3519:0x99bc38a98684a85a!8m2!3d55.0456725!4d9.4206403!16s%2Fg%2F11h6dsryfy!19sChIJGTXvS8dTs0cRWqiEhqk4vJk?authuser=0&hl=en&rclk=1
Cykelbutik i Danmark Aabenraa,Corwin E-bikes - Aabenraa,Bicycle store,"Jernbanegade 15, 6200 Aabenraa, Denmark",+4570251575,"2CX9+C6 Aabenraa, Denmark",4.5,http://www.e-bikes.dk/,18,55.0486056,9.4180984,https://www.google.com/maps/place/Corwin+E-bikes+-+Aabenraa/data=!4m7!3m6!1s0x47b353dd24357b9d:0xaf8723501300d28a!8m2!3d55.0486056!4d9.4180984!16s%2Fg%2F11ckqnbmpf!19sChIJnXs1JN1Ts0cRitIAE1Ajh68?authuser=0&hl=en&rclk=1
Cykelbutik i Danmark Aabenraa,INTERSPORT Aabenraa,Sporting goods store,"Storegade 35, 6200 Aabenraa, Denmark",+4574624050,"2CV9+4M Aabenraa, Denmark",3.9,https://www.intersport.dk/,23,55.0427778,9.4191666,https://www.google.com/maps/place/INTERSPORT+Aabenraa/data=!4m7!3m6!1s0x47b353d73da681eb:0x8838cf19f9e5d8d6!8m2!3d55.0427778!4d9.4191666!16s%2Fg%2F11dyzlrbdk!19sChIJ64GmPddTs0cR1tjl-RnPOIg?authuser=0&hl=en&rclk=1
Cykelbutik i Danmark Aabenraa,LogoTAG ApS,Bicycle store,"Løjt Nørregade 12, 6200 Aabenraa, Denmark",+4570251575,"3FR7+GW Aabenraa, Denmark",Not Found,Not Found,,55.091271,9.4647543,https://www.google.com/maps/place/LogoTAG+ApS/data=!4m7!3m6!1s0x47b352e55c8b7d51:0x765325319b3c00a!8m2!3d55.091271!4d9.4647543!16s%2Fg%2F11h52zfwpy!19sChIJUX2LXOVSs0cRCsCzGVMyZQc?authuser=0&hl=en&rclk=1
Cykelbutik i Danmark Aabenraa,Lindebjerg,Bicycle store,"Vestvejen 153, 6200 Aabenraa, Denmark",+4563150000,"2CX3+6G Aabenraa, Denmark",Not Found,https://lindebjerg.dk/shop/frontpage.html,,55.0481068,9.4038284,https://www.google.com/maps/place/Lindebjerg/data=!4m7!3m6!1s0x47b3530556ce9a53:0xa1af3ae5d79460dc!8m2!3d55.048107!4d9.403828!16s%2Fg%2F11sk8bg_tx!19sChIJU5rOVgVTs0cR3GCU1-U6r6E?authuser=0&hl=en&rclk=1
Cykelbutik i Danmark Aabenraa,Corwin E-bikes - Aabenraa,Bicycle store,"Jernbanegade 15, 6200 Aabenraa, Denmark",+4570251575,"2CX9+C6 Aabenraa, Denmark",4.5,http://www.e-bikes.dk/,18,55.0486056,9.4180984,https://www.google.com/maps/place/Corwin+E-bikes+-+Aabenraa/data=!4m7!3m6!1s0x47b353dd24357b9d:0xaf8723501300d28a!8m2!3d55.048606!4d9.418098!16s%2Fg%2F11ckqnbmpf!19sChIJnXs1JN1Ts0cRitIAE1Ajh68?authuser=0&hl=en&rclk=1
Cykelbutik i Danmark Aalborg,Bike-X-perten- Munk's Eftf,Bicycle store,"Løkkegade 25, 9000 Aalborg, Denmark",+4598121946,"2WWH+6M Aalborg, Denmark",4.5,http://www.munk-aalborg.dk/,56,57.0455226,9.9292177,https://www.google.com/maps/place/Bike-X-perten-+Munk%27s+Eftf/data=!4m7!3m6!1s0x464932ed26cbd887:0x3d601f41f79360be!8m2!3d57.0455226!4d9.9292177!16s%2Fg%2F1tdmchby!19sChIJh9jLJu0ySUYRvmCT90EfYD0?authuser=0&hl=en&rclk=1
Cykelbutik i Danmark Aalborg,Glæsner Cykler,Bicycle store,"Kastetvej 53, 9000 Aalborg, Denmark",+4598132536,"3W33+F4 Aalborg, Denmark",4.8,https://www.facebook.com/Cykel-X-perten-Aalborg-1428833244046686/,34,57.0537217,9.9028288,https://www.google.com/maps/place/Gl%C3%A6sner+Cykler/data=!4m7!3m6!1s0x46493266ae04f36b:0x2de4cb345c54d7fe!8m2!3d57.0537217!4d9.9028288!16s%2Fg%2F1hc77vrqw!19sChIJa_MErmYySUYR_tdUXDTL5C0?authuser=0&hl=en&rclk=1
Cykelbutik i Danmark Aalborg,føtex Food Hasseris,Supermarket,"Hasseris Bymidte 29, 9000 Aalborg, Denmark",+4532481000,"2VPM+99 Aalborg, Denmark",4.1,https://www.foetex.dk/kundeservice/find-butik/foetex-food-hasseris/c/foetex-food-hasseris/,492,57.0359102,9.883403,https://www.google.com/maps/place/f%C3%B8tex+Food+Hasseris/data=!4m7!3m6!1s0x4649324efef77257:0xb940645e7c82dc48!8m2!3d57.03591!4d9.883403!16s%2Fg%2F1hc2ztcr9!19sChIJV3L3_k4ySUYRSNyCfF5kQLk?authuser=0&hl=en&rclk=1
Cykelbutik i Danmark Aalborg,Mugges Cykler ApS,Bicycle store,"Jyllandsgade 12, 9000 Aalborg, Denmark",+4551212595,"2WRF+W5 Aalborg, Denmark",4.8,https://www.muggescykler.dk/,61,57.0423416,9.922903,https://www.google.com/maps/place/Mugges+Cykler+ApS/data=!4m7!3m6!1s0x4649333e5da5bb29:0xd36c6392c0511934!8m2!3d57.0423416!4d9.922903!16s%2Fg%2F11bx1y0kdn!19sChIJKbulXT4zSUYRNBlRwJJjbNM?authuser=0&hl=en&rclk=1
Cykelbutik i Danmark Aalborg,Aalborg Bicycle Store,Not Found,"John F. Kennedys Pl. 1F, 9000 Aalborg, Denmark",+4526434083,"2WR9+WQ Aalborg, Denmark",3.8,http://www.aalborgbicyclestore.dk/,34,57.042333,9.919386,https://www.google.com/maps/place/Aalborg+Bicycle+Store/data=!4m7!3m6!1s0x464932f3cfffe829:0x8cf2ed41fb3006c3!8m2!3d57.042333!4d9.919386!16s%2Fg%2F1q5bns18z!19sChIJKej_z_MySUYRwwYw-0Ht8ow?authuser=0&hl=en&rclk=1
Cykelbutik i Danmark Aalborg,Design Cykler Aalborg,Bicycle store,"Stenbukken 6A, 9200 Aalborg SV, Denmark",+4598193037,"XVXC+M9 Aalborg SV, Aalborg, Denmark",4.6,https://www.designcykler.dk/shop/cms-cykelhandler-aalborg.html,73,56.999226,9.8709,https://www.google.com/maps/place/Design+Cykler/data=!4m7!3m6!1s0x46493390c52276ab:0xb41b3007e8da56dd!8m2!3d56.999226!4d9.8709!16s%2Fg%2F1q5blmzf2!19sChIJq3YixZAzSUYR3Vba6AcwG7Q?authuser=0&hl=en&rclk=1
Cykelbutik i Danmark Aalborg,Fri BikeShop,Bicycle store,"Hobrovej 42B, 9000 Aalborg, Denmark",+4598116500,"2WP5+5C Aalborg, Denmark",4.2,https://www.fribikeshop.dk/butikker/aalborg/hobrovej,56,57.0354611,9.9085791,https://www.google.com/maps/place/Fri+BikeShop/data=!4m7!3m6!1s0x46493304f2cee32d:0x3516f05da022674d!8m2!3d57.0354611!4d9.9085791!16s%2Fg%2F11xcd3mp7!19sChIJLePO8gQzSUYRTWcioF3wFjU?authuser=0&hl=en&rclk=1
Cykelbutik i Danmark Aalborg,Vestbyens Cykelhandel,Bicycle store,"Borgergade 34, 9000 Aalborg, Denmark",+4598123851,"3W27+Q8 Aalborg, Denmark",4.6,https://vestbyens-cykelhandel.dk/,58,57.0519362,9.913343,https://www.google.com/maps/place/Vestbyens+Cykelhandel/data=!4m7!3m6!1s0x4649328a417564fd:0x18367e2b7afc393b!8m2!3d57.0519362!4d9.913343!16s%2Fg%2F11cjk7gtpp!19sChIJ_WR1QYoySUYROzn8eit-Nhg?authuser=0&hl=en&rclk=1
Cykelbutik i Danmark Aalborg,Perform Aalborg,Bicycle store,"Kuhlausvej 11, 9200 Aalborg SV, Denmark",+4598101705,"2V9W+4M Aalborg SV, Aalborg, Denmark",4.6,https://www.performsport.dk/,45,57.0177504,9.8967452,https://www.google.com/maps/place/Perform+Aalborg/data=!4m7!3m6!1s0x464932f4996c6383:0xc5992bcac6981757!8m2!3d57.0177504!4d9.8967452!16s%2Fg%2F1hc0w68x4!19sChIJg2NsmfQySUYRVxeYxsormcU?authuser=0&hl=en&rclk=1
Cykelbutik i Danmark Aalborg,Fri BikeShop,Bicycle store,"Nibevej 20B, 9200 Aalborg SV, Denmark",+4598116500,"2V4G+HV Aalborg SV, Aalborg, Denmark",4.3,https://www.fribikeshop.dk/butikker/aalborg/city-syd,6,57.0064626,9.8771991,https://www.google.com/maps/place/Fri+BikeShop/data=!4m7!3m6!1s0x464933e880e57fcf:0x89fa2353984c1f9c!8m2!3d57.0064626!4d9.8771991!16s%2Fg%2F11jskv2w31!19sChIJz3_lgOgzSUYRnB9MmFMj-ok?authuser=0&hl=en&rclk=1
Cykelbutik i Danmark Aalborg,Fri BikeShop,Bicycle store,"Strandvejen 11, 9000 Aalborg, Denmark",+4598116500,"3W38+37 Aalborg, Denmark",3.6,https://www.fribikeshop.dk/butikker/aalborg/strandvejen,68,57.0526397,9.9157056,https://www.google.com/maps/place/Fri+BikeShop/data=!4m7!3m6!1s0x4649328bcda8132f:0x41f0f5130bb6c7f9!8m2!3d57.0526397!4d9.9157056!16s%2Fg%2F113f099zr!19sChIJLxOozYsySUYR-ce2CxP18EE?authuser=0&hl=en&rclk=1
Cykelbutik i Danmark Aalborg,FlexiFix | Bike Shop & Repair,Bicycle store,"Danmarksgade 86A, 9000 Aalborg, Denmark",+4591869525,"2WWG+2R Aalborg, Denmark",4.8,http://flexifix.dk/,135,57.045089,9.927122,https://www.google.com/maps/place/FlexiFix+%7C+Bike+Shop+%26+Repair/data=!4m7!3m6!1s0x464932ee5eeec6bb:0x4ad98d1174a6de86!8m2!3d57.045089!4d9.927122!16s%2Fg%2F11dxhdt4ng!19sChIJu8buXu4ySUYRht6mdBGN2Uo?authuser=0&hl=en&rclk=1
Cykelbutik i Danmark Aalborg,Cykel20,Not Found,"Østerbro 20, 9000 Aalborg, Denmark",+452046,"2WWM+C5 Aalborg, Denmark",4.6,Not Found,9,57.0460204,9.9329541,https://www.google.com/maps/place/Cykel20/data=!4m7!3m6!1s0x464932ecadf8bc95:0x67dd08acb7627943!8m2!3d57.0460204!4d9.9329541!16s%2Fg%2F11b7rk6tjx!19sChIJlbz4rewySUYRQ3lit6wI3Wc?authuser=0&hl=en&rclk=1
Cykelbutik i Danmark Aalborg,Polar Cykler.dk ElcykelCenter. El-ladcykler. Butik. Ålborg.,Bicycle store,"Mylius Erichsens Vej 25, 9210 Aalborg, Denmark",+4598146622,"2WFJ+J8 Aalborg, Denmark",4.5,https://www.polarcykler.dk/,93,57.0240227,9.9308504,https://www.google.com/maps/place/Polar+Cykler.dk+ElcykelCenter.+El-ladcykler.+Butik.+%C3%85lborg./data=!4m7!3m6!1s0x464932e0261a2d7f:0xe7283c2080509599!8m2!3d57.0240227!4d9.9308504!16s%2Fg%2F1tghn5y5!19sChIJfy0aJuAySUYRmZVQgCA8KOc?authuser=0&hl=en&rclk=1
Cykelbutik i Danmark Aalborg,Vejgaard Cykler,Bicycle repair shop,"Hadsundvej 8, 9000 Aalborg, Denmark",+4598139966,"2WVX+CQ Aalborg, Denmark",4.4,http://www.cykelshop24.dk/vejgaard-cykler-aalborg.htm,45,57.0435786,9.9494728,https://www.google.com/maps/place/Vejgaard+Cykler/data=!4m7!3m6!1s0x464932c0ca5fadfd:0x1967d31887635fe4!8m2!3d57.0435786!4d9.9494728!16s%2Fg%2F1vp72ck9!19sChIJ_a1fysAySUYR5F9jhxjTZxk?authuser=0&hl=en&rclk=1
Cykelbutik i Danmark Aalborg,Design Cykler Aalborg,Bicycle store,"Stenbukken 6A, 9200 Aalborg SV, Denmark",+4598193037,"XVXC+M9 Aalborg SV, Aalborg, Denmark",4.6,https://www.designcykler.dk/shop/cms-cykelhandler-aalborg.html,73,56.999226,9.8709,https://www.google.com/maps/place/Design+Cykler+Aalborg/data=!4m7!3m6!1s0x46493390c52276ab:0xb41b3007e8da56dd!8m2!3d56.999226!4d9.8709!16s%2Fg%2F1q5blmzf2!19sChIJq3YixZAzSUYR3Vba6AcwG7Q?authuser=0&hl=en&rclk=1
Cykelbutik i Danmark Aarhus,Smedemark Cykler,Bicycle store,"Tietgens Pl. 1, 8000 Aarhus Centrum, Denmark",+4586191464,"46V3+PM Aarhus C, Aarhus, Denmark",4.3,http://www.smedemarkcykler.dk/,64,56.1443038,10.2042456,https://www.google.com/maps/place/Smedemark+Cykler/data=!4m7!3m6!1s0x464c3f896b32eb09:0x1edf774b31f30c62!8m2!3d56.1443038!4d10.2042456!16s%2Fg%2F1wc2_vp2!19sChIJCesya4k_TEYRYgzzMUt33x4?authuser=0&hl=en&rclk=1
Cykelbutik i Danmark Aarhus,Den Store Cykelsmed,Bicycle store,"N, Skelagervej 9, 8200 Aarhus, Denmark",+4541211102,"55VV+HC Aarhus, Denmark",3.9,https://denstorecykelsmed.dk/,76,56.1939883,10.1935138,https://www.google.com/maps/place/Den+Store+Cykelsmed/data=!4m7!3m6!1s0x464c3e2e454f7bc9:0x40a8534bffe6877e!8m2!3d56.1939883!4d10.1935138!16s%2Fg%2F11bbx006fr!19sChIJyXtPRS4-TEYRfofm_0tTqEA?authuser=0&hl=en&rclk=1
Cykelbutik i Danmark Aarhus,Aarhus Cykler,Road cycling,"Frederiks Allé 49, 8000 Aarhus, Denmark",+4520134311,"552X+3P Aarhus, Denmark",4.0,http://www.aarhuscykler.dk/,35,56.1501553,10.1992855,https://www.google.com/maps/place/Aarhus+Cykler/data=!4m7!3m6!1s0x464c3f95aa8c5fa1:0x1061712ee5ba62b3!8m2!3d56.1501553!4d10.1992855!16s%2Fg%2F1tf56gxr!19sChIJoV-MqpU_TEYRs2K65S5xYRA?authuser=0&hl=en&rclk=1
Cykelbutik i Danmark Aarhus,Fri BikeShop,Bicycle store,"Sankt Nicolaus Gade 7, 8000 Aarhus Centrum, Denmark",+4586180130,"552X+GH Aarhus C, Aarhus, Denmark",3.4,https://www.fribikeshop.dk/butikker/aarhus/skt-nicolaus-gade,38,56.1512998,10.1988783,https://www.google.com/maps/place/Fri+BikeShop/data=!4m7!3m6!1s0x464c3f8d680fbf8d:0x5ea763cf062666e3!8m2!3d56.1512998!4d10.1988783!16s%2Fg%2F11c1q4hph7!19sChIJjb8PaI0_TEYR42YmBs9jp14?authuser=0&hl=en&rclk=1
Cykelbutik i Danmark Aarhus,Jensen Cykler,Bicycle store,"Vestre Ringgade 27, 29, 8000 Aarhus, Denmark",+4586155599,"553J+JQ Aarhus, Denmark",3.6,http://www.jensencykler.com/,122,56.1540692,10.1819742,https://www.google.com/maps/place/Jensen+Cykler/data=!4m7!3m6!1s0x464c3fefe4e053af:0x6276ce11dc532937!8m2!3d56.1540692!4d10.1819742!16s%2Fg%2F11xxhh60p!19sChIJr1Pg5O8_TEYRNylT3BHOdmI?authuser=0&hl=en&rclk=1
Cykelbutik i Danmark Aarhus,Leroica bikes (x cykel rep),Bicycle repair shop,"Skovgaardsgade 5 C, 8000 Aarhus Centrum, Denmark",+4526430792,"552R+RV Aarhus C, Aarhus, Denmark",5.0,https://leroica.dk/,99,56.1520307,10.1921638,https://www.google.com/maps/place/Leroica+bikes+%28x+cykel+rep%29/data=!4m7!3m6!1s0x464c3ff27733a263:0xc0b9a27941280a1!8m2!3d56.1520307!4d10.1921638!16s%2Fg%2F11g0200jb5!19sChIJY6Izd_I_TEYRoYASlCeaCww?authuser=0&hl=en&rclk=1
Cykelbutik i Danmark Aarhus,Fri BikeShop,Bicycle store,"Frederiks Allé 160, 8000 Aarhus Centrum, Denmark",+4586125585,"45WV+MM Aarhus C, Aarhus, Denmark",5.0,https://www.fribikeshop.dk/butikker/aarhus/frederiksalle/elcykler,1,56.1466563,10.1942077,https://www.google.com/maps/place/Fri+BikeShop/data=!4m7!3m6!1s0x464c3faf95cdafc7:0x519e49808597fa00!8m2!3d56.1466563!4d10.1942077!16s%2Fg%2F11k9ffd9yk!19sChIJx6_Nla8_TEYRAPqXhYBJnlE?authuser=0&hl=en&rclk=1
Cykelbutik i Danmark Aarhus,Cykelshoppen,Bicycle store,"Sverigesvej 9C, 8660 Skanderborg, Denmark",+4573707870,"3X32+93 Skanderborg, Denmark",4.6,https://www.cykelshoppen.dk/,48,56.0534286,9.9501724,https://www.google.com/maps/place/Cykelshoppen/data=!4m7!3m6!1s0x464c6fd0930a1ec9:0x226f5ba337a82227!8m2!3d56.053429!4d9.950172!16s%2Fg%2F11h2hmmbtd!19sChIJyR4Kk9BvTEYRJyKoN6NbbyI?authuser=0&hl=en&rclk=1
Cykelbutik i Danmark Aarhus,Cykelzonen,Bicycle repair shop,"Paludan-Müllers Vej 73, 8210 Aarhus V, Denmark",+4586102320,"559Q+P4 Aarhus V, Aarhus, Denmark",4.9,Not Found,120,56.1692917,10.1877863,https://www.google.com/maps/place/Cykelzonen/data=!4m7!3m6!1s0x464c3fc351832cab:0x3d595b649fdeadcf!8m2!3d56.1692917!4d10.1877863!16s%2Fg%2F1tvykc68!19sChIJqyyDUcM_TEYRz63en2RbWT0?authuser=0&hl=en&rclk=1
Cykelbutik i Danmark Aarhus,eBikeStore Aarhus,Bicycle store,"Rådhuspladsen 1, 8000 Aarhus, Denmark",+4524469010,"5633+85 Aarhus, Denmark",4.5,http://www.ebikestore.dk/,20,56.1533665,10.2029881,https://www.google.com/maps/place/eBikeStore+Aarhus/data=!4m7!3m6!1s0x464c3f9243e9d53d:0xc6f4bd2e6dc81fb6!8m2!3d56.1533665!4d10.2029881!16s%2Fg%2F1q5bkw7w6!19sChIJPdXpQ5I_TEYRth_IbS699MY?authuser=0&hl=en&rclk=1
Cykelbutik i Danmark Aarhus,Hasle Cykelcenter A/S,Bicycle store,"Viborgvej 152, 8210 Aarhus, Denmark",+4586156677,"5597+74 Aarhus, Denmark",3.9,http://haslecykelcenter.dk/,81,56.1682371,10.1627669,https://www.google.com/maps/place/Hasle+Cykelcenter+A%2FS/data=!4m7!3m6!1s0x464c1560ce54d50f:0x962817dce56f942b!8m2!3d56.1682371!4d10.1627669!16s%2Fg%2F1v41z18_!19sChIJD9VUzmAVTEYRK5Rv5dwXKJY?authuser=0&hl=en&rclk=1
Cykelbutik i Danmark Aarhus,Aros Cykler,Bicycle store,"Skanderborgvej 212, 8260 Viby J, Denmark",+4530209591,"45G5+HG Viby, Denmark",4.5,http://aroscykler.dk/,51,56.126496,10.1588145,https://www.google.com/maps/place/Aros+Cykler/data=!4m7!3m6!1s0x464c14e4c439eabb:0xda64115e77931c3c!8m2!3d56.126496!4d10.1588145!16s%2Fg%2F11b6szx14g!19sChIJu-o5xOQUTEYRPByTd14RZNo?authuser=0&hl=en&rclk=1
Cykelbutik i Danmark Aarhus,føtex,Supermarket,"Viby Ringvej 10, 8260 Viby J, Denmark",+4587446000,"45J6+59 Viby, Denmark",4.0,https://www.foetex.dk/kundeservice/find-butik/foetex-viby/c/foetex-viby/,1261,56.1304201,10.1609121,https://www.google.com/maps/place/f%C3%B8tex+Viby/data=!4m7!3m6!1s0x464c401cf675c8c1:0x37f3c45d1217273e!8m2!3d56.13042!4d10.160912!16s%2Fg%2F1q5gp609p!19sChIJwch19hxATEYRPicXEl3E8zc?authuser=0&hl=en&rclk=1
Cykelbutik i Danmark Aarhus,Fri BikeShop,Bicycle store,"Frederiks Allé 139, 8000 Aarhus Centrum, Denmark",+4586125585,"45WV+GJ Aarhus C, Aarhus, Denmark",3.2,https://www.fribikeshop.dk/butikker/aarhus/frederiksalle,77,56.1462518,10.1941069,https://www.google.com/maps/place/Fri+BikeShop/data=!4m7!3m6!1s0x464c3ff4ac0cd133:0x45ebeaed8ca6c939!8m2!3d56.1462518!4d10.1941069!16s%2Fg%2F1v5k1m2y!19sChIJM9EMrPQ_TEYROcmmjO3q60U?authuser=0&hl=en&rclk=1
Cykelbutik i Danmark Aarhus,Ringgården Bicycles v / Kenneth Thomsen,Bicycle store,"Vestre Ringgade 80, 8000 Aarhus, Denmark",+4586133750,"555M+W7 Aarhus Municipality, Denmark",4.9,http://ringgaardens-cykler.dk/,66,56.159827,10.183228,https://www.google.com/maps/place/Ringg%C3%A5rden+Bicycles+v+%2F+Kenneth+Thomsen/data=!4m7!3m6!1s0x464c3fe61d3dcce1:0x7c1ae7f1be69308d!8m2!3d56.159827!4d10.183228!16s%2Fg%2F12hkg4lr_!19sChIJ4cw9HeY_TEYRjTBpvvHnGnw?authuser=0&hl=en&rclk=1
Cykelbutik i Danmark Aarhus,Cykelcenter Midtjylland Aarhus,Bicycle store,"Trindsøvej 12, 8000 Aarhus, Denmark",+4552242819,"553H+WR Aarhus, Denmark",5.0,https://cykelcentermidtjylland.dk/aarhus/,1,56.1548633,10.1796063,https://www.google.com/maps/place/Cykelcenter+Midtjylland+Aarhus/data=!4m7!3m6!1s0x464c3fddf81b323b:0xa5c94c042adec17e!8m2!3d56.1548633!4d10.1796063!16s%2Fg%2F11x7j8n9_z!19sChIJOzIb-N0_TEYRfsHeKgRMyaU?authuser=0&hl=en&rclk=1
Cykelbutik i Danmark Aarhus,Fri BikeShop,Bicycle store,"Thorvaldsensgade 29, 8000 Aarhus Centrum, Denmark",+4586133436,"554V+QW Aarhus C, Aarhus, Denmark",4.2,https://www.fribikeshop.dk/butikker/aarhus/ceresbyen,116,56.1569538,10.1947887,https://www.google.com/maps/place/Fri+BikeShop/data=!4m7!3m6!1s0x464c3fec8a211401:0x1a5b2061409583be!8m2!3d56.1569538!4d10.1947887!16s%2Fg%2F1tlwd7hx!19sChIJARQhiuw_TEYRvoOVQGEgWxo?authuser=0&hl=en&rclk=1
Cykelbutik i Danmark Aarhus,"Friis Cykler, Trøjborg Cykelcenter",Bicycle store,"Jens Baggesens Vej 86, 8200 Aarhus, Denmark",+4586166505,"559R+JP Aarhus, Denmark",4.5,https://www.trojborgcykler.dk/,78,56.1690129,10.1918263,"https://www.google.com/maps/place/Friis+Cykler,+Tr%C3%B8jborg+Cykelcenter/data=!4m7!3m6!1s0x464c3fc38408ce53:0x4440b9996900ddf8!8m2!3d56.1690129!4d10.1918263!16s%2Fg%2F1wcxbpr4!19sChIJU84IhMM_TEYR-N0AaZm5QEQ?authuser=0&hl=en&rclk=1"
Cykelbutik i Danmark Aarhus,Schriver Cykler,Bicycle repair shop,"Langelandsgade 114, 8000 Aarhus, Denmark",+4527510596,"557W+QX Aarhus, Denmark",4.7,http://www.schriver-cykler.dk/,101,56.1644434,10.1974401,https://www.google.com/maps/place/Schriver+Cykler/data=!4m7!3m6!1s0x464c3fc1cc8c6927:0xe83194dba40137f8!8m2!3d56.1644434!4d10.1974401!16s%2Fg%2F1tdxzhls!19sChIJJ2mMzME_TEYR-DcBpNuUMeg?authuser=0&hl=en&rclk=1
Cykelbutik i Danmark Aarhus,Design Cykler Aarhus,Bicycle store,"Ravnsøvej 54, 8240 Risskov, Denmark",+4572183037,"662V+GJ Risskov, Denmark",3.9,https://www.designcykler.dk/shop/cms-cykelhandler-aarhus.html,86,56.2013672,10.2440232,https://www.google.com/maps/place/Design+Cykler+Aarhus/data=!4m7!3m6!1s0x464c3e5efa49403d:0x88db207c4d461217!8m2!3d56.201367!4d10.244023!16s%2Fg%2F11c1n9jqy2!19sChIJPUBJ-l4-TEYRFxJGTXwg24g?authuser=0&hl=en&rclk=1
Cykelbutik i Danmark Aarhus,Rask Cykler,Bicycle store,"Nørregade 18, 20, 8000 Aarhus Centrum, Denmark",+4586130555,"5666+G2 Aarhus C, Aarhus, Denmark",3.6,http://www.rask-cykler.dk/,103,56.1613248,10.2100546,https://www.google.com/maps/place/Rask+Cykler/data=!4m7!3m6!1s0x464c3f9613df44a9:0xd9411db4f1c09850!8m2!3d56.1613248!4d10.2100546!16s%2Fg%2F1tghn60z!19sChIJqUTfE5Y_TEYRUJjA8bQdQdk?authuser=0&hl=en&rclk=1
Cykelbutik i Danmark Aarhus,Buhlcykler.dk,Bicycle store,"Frydenlunds Allé 1, 8210 Aarhus V, Denmark",+4586160164,"557F+MP Aarhus V, Aarhus, Denmark",4.2,http://www.buhlcykler.dk/,90,56.1642252,10.1743322,https://www.google.com/maps/place/Buhlcykler.dk/data=!4m7!3m6!1s0x464c3fc4bf4fd401:0x920abea61faec99!8m2!3d56.1642252!4d10.1743322!16s%2Fg%2F1tdh2gnr!19sChIJAdRPv8Q_TEYRmez6YeqrIAk?authuser=0&hl=en&rclk=1
Cykelbutik i Danmark Aarhus,Rowi Cykler,Bicycle store,"Frederiksgade 75, 8000 Aarhus, Denmark",+4586122899,"5633+H9 Aarhus Municipality, Denmark",4.2,https://cykelgruppen.dk/,54,56.1538884,10.203452,https://www.google.com/maps/place/Rowi+Cykler/data=!4m7!3m6!1s0x464c3f92495fcfc9:0x495ccb31f701d9d!8m2!3d56.1538884!4d10.203452!16s%2Fg%2F1tycv7hx!19sChIJyc9fSZI_TEYRnR1wH7PMlQQ?authuser=0&hl=en&rclk=1
Cykelbutik i Danmark Aarhus,Friis Cykler,Road cycling,"Silkeborgvej 56, 8000 Aarhus, Denmark",+4586293095,"554P+J9 Aarhus, Denmark",4.4,https://friiscykler.dk/,108,56.1565493,10.1859809,https://www.google.com/maps/place/Friis+Cykler/data=!4m7!3m6!1s0x464c3fef02d80d47:0xeb9df2087ac0eb50!8m2!3d56.1565493!4d10.1859809!16s%2Fg%2F11b6vh8l99!19sChIJRw3YAu8_TEYRUOvAegjynes?authuser=0&hl=en&rclk=1
Cykelbutik i Danmark Aarhus,Hermansen Cykler,Bicycle store,"Nørre Allé 96, 8000 Aarhus, Denmark",+4586128652,"5652+C3 Aarhus Municipality, Denmark",4.5,http://www.hermansen-cykler.dk/,63,56.158613,10.200192,https://www.google.com/maps/place/Hermansen+Cykler/data=!4m7!3m6!1s0x464c3f94b757f2ab:0x68f2fe2ea0a45011!8m2!3d56.158613!4d10.200192!16s%2Fg%2F1tgllhnb!19sChIJq_JXt5Q_TEYREVCkoC7-8mg?authuser=0&hl=en&rclk=1
Cykelbutik i Danmark Albertslund,Strøm Bikes,Bicycle store,Not Found,+452025,Not Found,1.6,http://stroembikes.com/,56,55.6712674,12.5938239,https://www.google.com/maps/place/Str%C3%B8m+Bikes/data=!4m7!3m6!1s0x465250b8f3affb89:0xf7c7f21b21a99604!8m2!3d55.6712674!4d12.5938239!16s%2Fg%2F11fr3l41km!19sChIJifuv87hQUkYRBJapIRvyx_c?authuser=0&hl=en&rclk=1
Cykelbutik i Danmark Albertslund,Fri BikeShop,Bicycle store,"Hovedvejen 121, 2600 Glostrup, Denmark",+4543462313,"M98R+48 Glostrup, Denmark",4.3,https://www.fribikeshop.dk/butikker/glostrup,83,55.6653498,12.3908673,https://www.google.com/maps/place/Fri+BikeShop/data=!4m7!3m6!1s0x465250cb45c6ff63:0x949d4738ef06a731!8m2!3d55.6653498!4d12.3908673!16s%2Fg%2F113g_08d0!19sChIJY__GRctQUkYRMacG7zhHnZQ?authuser=0&hl=en&rclk=1
Cykelbutik i Danmark Albertslund,Fri BikeShop,Bicycle store,"Stationstorvet 8, 2620 Albertslund, Denmark",+4529872313,"M953+25 Albertslund, Denmark",4.3,https://www.fribikeshop.dk/butikker/albertslund,21,55.6575387,12.3529344,https://www.google.com/maps/place/Fri+BikeShop/data=!4m7!3m6!1s0x46525764b8f08ddf:0x1292ed5be541abcb!8m2!3d55.6575387!4d12.3529344!16s%2Fg%2F11sh09vz0p!19sChIJ343wuGRXUkYRy6tB5VvtkhI?authuser=0&hl=en&rclk=1
Cykelbutik i Danmark Albertslund,Albertslund Cykler,Road cycling,"Kanalens Kvarter 2, 2620 Albertslund, Denmark",+4543641466,"M942+2Q Albertslund, Denmark",4.4,http://albertslundcykler.dk/,73,55.655057,12.351927,https://www.google.com/maps/place/Albertslund+Cykler/data=!4m7!3m6!1s0x4652575b95d1667f:0x44854228be7752ea!8m2!3d55.655057!4d12.351927!16s%2Fg%2F1thxp7qr!19sChIJf2bRlVtXUkYR6lJ3vihChUQ?authuser=0&hl=en&rclk=1
Cykelbutik i Danmark Albertslund,udkørende cykelsmed,Bicycle repair shop,Not Found,+4550135090,Not Found,5.0,https://www.hccykelservice.dk/,1,55.5459798,11.8454997,https://www.google.com/maps/place/udk%C3%B8rende+cykelsmed/data=!4m7!3m6!1s0x743761d4de2a68d:0x326641f583135921!8m2!3d55.5459798!4d11.8454996!16s%2Fg%2F11x7g2trwc!19sChIJjabiTR12QwcRIVkTg_VBZjI?authuser=0&hl=en&rclk=1
Cykelbutik i Danmark Allerød,Rex Cykler Allerød,Bicycle store,"M D Madsensvej 6, 3450 Lillerød, Denmark",+4577660010,"V9C3+5X Lillerød, Denmark",3.9,https://www.rexcykler.dk/,26,55.870496,12.354937,https://www.google.com/maps/place/Rex+Cykler+Aller%C3%B8d/data=!4m7!3m6!1s0x4652479423656ce1:0xacfa792f4a350758!8m2!3d55.870496!4d12.354937!16s%2Fg%2F11h992y7gb!19sChIJ4WxlI5RHUkYRWAc1Si95-qw?authuser=0&hl=en&rclk=1
Cykelbutik i Danmark Allerød,Pronghorn,Bicycle store,"Allerød Stationsvej 4, 3450 Lillerød, Denmark",+4521908247,"V9C4+7P Lillerød, Denmark",4.9,https://pronghorn.dk/,7,55.8707148,12.3567607,https://www.google.com/maps/place/Pronghorn/data=!4m7!3m6!1s0x464c9655010d7423:0x6096f48dc145ad7c!8m2!3d55.8707148!4d12.3567607!16s%2Fg%2F11h52yn42f!19sChIJI3QNAVWWTEYRfK1FwY30lmA?authuser=0&hl=en&rclk=1
Cykelbutik i Danmark Allerød,Bike Dreams,Bicycle repair shop,"Allerød Stationsvej 4A, 3450 Lillerød, Denmark",+4521908247,"V9C4+6P Lillerød, Denmark",4.2,https://bikedreams.dk/,42,55.8706131,12.3568097,https://www.google.com/maps/place/Bike+Dreams/data=!4m7!3m6!1s0x465246926203b433:0xb1f76ed00f26b4d3!8m2!3d55.8706131!4d12.3568097!16s%2Fg%2F1tngnwyq!19sChIJM7QDYpJGUkYR07QmD9Bu97E?authuser=0&hl=en&rclk=1
Cykelbutik i Danmark Ballerup,Cykelexperten.dk,Bicycle store,"Slotsherrensvej 103, 2720 København, Denmark",+4572301817,"MFXF+5W Copenhagen, Denmark",4.1,https://cykelexperten.dk/,588,55.6979846,12.4747538,https://www.google.com/maps/place/Cykelexperten.dk/data=!4m7!3m6!1s0x4652572d37567875:0xd594a5c4b4232179!8m2!3d55.6979846!4d12.4747538!16s%2Fg%2F1td4yg95!19sChIJdXhWNy1XUkYReSEjtMSllNU?authuser=0&hl=en&rclk=1
Cykelbutik i Danmark Ballerup,Fri BikeShop,Bicycle store,"Hovedvejen 121, 2600 Glostrup, Denmark",+4543462313,"M98R+48 Glostrup, Denmark",4.3,https://www.fribikeshop.dk/butikker/glostrup,83,55.6653498,12.3908673,https://www.google.com/maps/place/Fri+BikeShop/data=!4m7!3m6!1s0x465250cb45c6ff63:0x949d4738ef06a731!8m2!3d55.6653498!4d12.3908673!16s%2Fg%2F113g_08d0!19sChIJY__GRctQUkYRMacG7zhHnZQ?authuser=0&hl=en&rclk=1
Cykelbutik i Danmark Ballerup,A-Bike,Bicycle store,"Centrumgaden 29, 31, 2750 Ballerup, Denmark",+4544656563,"P9H5+GV Ballerup, Denmark",3.9,Not Found,23,55.7287829,12.35971,https://www.google.com/maps/place/A-Bike/data=!4m7!3m6!1s0x46525a9a85d314ef:0x80d35775f4e604bb!8m2!3d55.7287829!4d12.35971!16s%2Fg%2F11f2b0v4gp!19sChIJ7xTThZpaUkYRuwTm9HVX04A?authuser=0&hl=en&rclk=1
Cykelbutik i Danmark Ballerup,Svanemøllens Cykler,Bicycle store,"Østerbrogade 165, 2100 København, Denmark",+4539204290,"PH8G+4V Copenhagen, Denmark",5.0,http://svanemoellenscykler.dk/,265,55.7152989,12.5772469,https://www.google.com/maps/place/Svanem%C3%B8llens+Cykler/data=!4m7!3m6!1s0x465252f4ca81585b:0x34c0d1745861d32!8m2!3d55.7152989!4d12.5772469!16s%2Fg%2F1hc5ggj9m!19sChIJW1iByvRSUkYRMh2GRRcNTAM?authuser=0&hl=en&rclk=1
Cykelbutik i Danmark Ballerup,Hjælperytteren,Bicycle store,"Kirke Værløsevej 14, 3500 Værløse, Denmark",+4571909229,"Q9J8+XM Værløse, Denmark",4.9,http://www.hjaelperytteren.dk/,32,55.7824729,12.3666323,https://www.google.com/maps/place/Hj%C3%A6lperytteren/data=!4m7!3m6!1s0x4652451ee2342faf:0xb1887bb914130476!8m2!3d55.7824729!4d12.3666323!16s%2Fg%2F11qwyjnf70!19sChIJry804h5FUkYRdgQTFLl7iLE?authuser=0&hl=en&rclk=1
Cykelbutik i Danmark Ballerup,Fri BikeShop,Bicycle store,"Centrumgaden 15, 2750 Ballerup, Denmark",+4571714342,"P9J6+26 Ballerup, Denmark",3.9,https://www.fribikeshop.dk/butikker/ballerup,25,55.73001,12.3605201,https://www.google.com/maps/place/Fri+BikeShop/data=!4m7!3m6!1s0x46525bd0db37ce4f:0x612dac73b17f1ba2!8m2!3d55.73001!4d12.3605201!16s%2Fg%2F11rqcgts3r!19sChIJT84329BbUkYRoht_sXOsLWE?authuser=0&hl=en&rclk=1
Cykelbutik i Danmark Ballerup,Emdrup Cykler,Bicycle store,"Frederiksborgvej 182, 2400 København NV, Denmark",+4520614660,"PGCJ+7J Copenhagen, Denmark",4.6,Not Found,56,55.7206656,12.531587,https://www.google.com/maps/place/Emdrup+Cykler/data=!4m7!3m6!1s0x4652521655ce4bad:0xd027954c372d8440!8m2!3d55.7206656!4d12.531587!16s%2Fg%2F11b6vkf_v4!19sChIJrUvOVRZSUkYRQIQtN0yVJ9A?authuser=0&hl=en&rclk=1
Cykelbutik i Danmark Ballerup,Arina Bikes,Bicycle repair shop,"Herlev Hovedgade 97, 2730 Herlev, Denmark",+4544948523,"PCCV+PP Herlev, Denmark",4.9,https://www.arinacykler.dk/,85,55.721811,12.444292,https://www.google.com/maps/place/Arina+Bikes/data=!4m7!3m6!1s0x4652504cb962f9ff:0xb8a10837fa8ef9b1!8m2!3d55.721811!4d12.444292!16s%2Fg%2F11xvbh7zn!19sChIJ__liuUxQUkYRsfmO-jcIobg?authuser=0&hl=en&rclk=1
Cykelbutik i Danmark Ballerup,Raam,Bicycle store,"Industriparken 21, 2750 Ballerup, Denmark",+4544830910,"P9HG+GW Ballerup, Denmark",Not Found,Not Found,,55.7288574,12.3773441,https://www.google.com/maps/place/Raam/data=!4m7!3m6!1s0x465250763c1e8735:0x48c3bccc81fa5966!8m2!3d55.7288574!4d12.3773441!16s%2Fg%2F11h52sd3cg!19sChIJNYcePHZQUkYRZln6gcy8w0g?authuser=0&hl=en&rclk=1
Cykelbutik i Danmark Ballerup,Heino Cykler,Bicycle store,"Roskildevej 527, 2605 Brøndby, Denmark",+4543432239,"MC9F+66 Brondby, Denmark",4.2,https://heino-cykler.dk/,138,55.6680495,12.4231081,https://www.google.com/maps/place/Heino+Cykler/data=!4m7!3m6!1s0x4652512c0eb903d1:0xf14635e202bc4778!8m2!3d55.6680495!4d12.4231081!16s%2Fg%2F1hc0wnn83!19sChIJ0QO5DixRUkYReEe8AuI1RvE?authuser=0&hl=en&rclk=1
Cykelbutik i Danmark Ballerup,Måløv Cykler,Bicycle store,"Stationsvej 3, 2760 Måløv, Denmark",+4545342121,"P8X9+GF Måløv, Denmark",4.0,http://www.mcykler.dk/,17,55.7488631,12.3186471,https://www.google.com/maps/place/M%C3%A5l%C3%B8v+Cykler/data=!4m7!3m6!1s0x46525ad89895831f:0x2aeebb60edb658da!8m2!3d55.7488631!4d12.3186471!16s%2Fg%2F12mjcb4qc!19sChIJH4OVmNhaUkYR2li27WC77io?authuser=0&hl=en&rclk=1
Cykelbutik i Danmark Ballerup,Velomobilcenter,Bicycle store,"Sandbakken 9, 3660 Stenløse, Denmark",+4560607959,"Q7M8+2X Stenløse, Denmark",5.0,http://velomobilcenter.dk/,11,55.782568,12.267471,https://www.google.com/maps/place/Velomobilcenter/data=!4m7!3m6!1s0x465244a78def6c19:0x8009873ec109c79!8m2!3d55.782568!4d12.267471!16s%2Fg%2F1vd93pv2!19sChIJGWzvjadEUkYReZwQ7HOYAAg?authuser=0&hl=en&rclk=1
Cykelbutik i Danmark Ballerup,Sali's Bike,Bicycle store,"H. P. Ørums Gade 1, 2100 København, Denmark",+4571529532,"PH56+X2 Copenhagen, Denmark",4.8,https://www.salisbike.dk/,303,55.7099003,12.5600605,https://www.google.com/maps/place/Sali%27s+Bike/data=!4m7!3m6!1s0x4652525bdfe35151:0x98050ea7b9670fa6!8m2!3d55.7099003!4d12.5600605!16s%2Fg%2F11b5pk7rps!19sChIJUVHj31tSUkYRpg9nuacOBZg?authuser=0&hl=en&rclk=1
Cykelbutik i Danmark Ballerup,Copenhagen Bikeshop,Bicycle store,"Jagtvej 68, 2200 København, Denmark",+4581741696,"MHW2+99 Copenhagen, Denmark",4.5,http://www.copenhagenbikeshop.dk/,46,55.6959924,12.5509775,https://www.google.com/maps/place/Copenhagen+Bikeshop/data=!4m7!3m6!1s0x4652525338cfe681:0x9419b285fc731be0!8m2!3d55.6959924!4d12.5509775!16s%2Fg%2F11b5pjdb_b!19sChIJgebPOFNSUkYR4Btz_IWyGZQ?authuser=0&hl=en&rclk=1
Cykelbutik i Danmark Ballerup,Fri BikeShop,Bicycle store,"Farum Hovedgade 34, 3520 Farum, Denmark",+4571922313,"R969+RG Farum, Denmark",4.5,https://www.fribikeshop.dk/butikker/farum,80,55.8120146,12.368792,https://www.google.com/maps/place/Fri+BikeShop/data=!4m7!3m6!1s0x465245a44cdce29b:0xff034d1c7f56c274!8m2!3d55.8120146!4d12.368792!16s%2Fg%2F1tfc56lp!19sChIJm-LcTKRFUkYRdMJWfxxNA_8?authuser=0&hl=en&rclk=1
Cykelbutik i Danmark Ballerup,Cykelguru,Bicycle store,Not Found,+4525622339,Not Found,Not Found,Not Found,,56.23008,11.5425,https://www.google.com/maps/place/Cykelguru/data=!4m7!3m6!1s0x46525abc3610f661:0xa62ae06d618a6e0f!8m2!3d56.23008!4d11.5425!16s%2Fg%2F11mr30fhs9!19sChIJYfYQNrxaUkYRD26KYW3gKqY?authuser=0&hl=en&rclk=1
Cykelbutik i Danmark Ballerup,MTB-tours,Bicycle rental service,"Gammel Hareskovvej 321, 3500 Værløse, Denmark",+4544320903,"QC83+5C Værløse, Denmark",4.8,http://mtb-tours.dk/,172,55.7654907,12.4035091,https://www.google.com/maps/place/MTB-tours/data=!4m7!3m6!1s0x46524ffa3f8ff9f1:0x2031fdde5e8356cc!8m2!3d55.7654907!4d12.4035091!16s%2Fg%2F1tjf8wk2!19sChIJ8fmPP_pPUkYRzFaDXt79MSA?authuser=0&hl=en&rclk=1
Cykelbutik i Danmark Ballerup,29er Bike Shop,Bicycle store,"Ordrupvej 112, 2920 Charlottenlund, Denmark",+4539652929,"QH59+WR Charlottenlund, Denmark",4.8,https://29erbikeshop.dk/,59,55.7598142,12.5695454,https://www.google.com/maps/place/29er+Bike+Shop/data=!4m7!3m6!1s0x46524d96406dbb4d:0xc305c06191c06475!8m2!3d55.7598142!4d12.5695454!16s%2Fg%2F1hhwmr8mp!19sChIJTbttQJZNUkYRdWTAkWHABcM?authuser=0&hl=en&rclk=1
Cykelbutik i Danmark Ballerup,Bikecycles - ophørt,Bicycle store,Not Found,+452025,Not Found,5.0,https://www.bikecycles.dk/,49,56.23008,11.5425,https://www.google.com/maps/place/Bikecycles+-+oph%C3%B8rt/data=!4m7!3m6!1s0x4652453fd603d4cf:0x43fa4dca277596a0!8m2!3d56.23008!4d11.5425!16s%2Fg%2F11gcqx637q!19sChIJz9QD1j9FUkYRoJZ1J8pN-kM?authuser=0&hl=en&rclk=1
Cykelbutik i Danmark Ballerup,Thromsholdt Bicycles,Bicycle store,"Hold-An Vej 92, 2750 Ballerup, Denmark",+4544650138,"P9G4+27 Ballerup, Denmark",4.8,Not Found,64,55.725047,12.3557279,https://www.google.com/maps/place/Thromsholdt+Bicycles/data=!4m7!3m6!1s0x46525a8f9239e673:0x69350d741db97450!8m2!3d55.725047!4d12.3557279!16s%2Fg%2F1v75qhyl!19sChIJc-Y5ko9aUkYRUHS5HXQNNWk?authuser=0&hl=en&rclk=1
Cykelbutik i Danmark Ballerup,Fri BikeShop,Bicycle store,"Herlev Bygade 16, 2730 Herlev, Denmark",+4570404342,"PCGQ+3V Herlev, Denmark",4.5,https://www.fribikeshop.dk/butikker/herlev,53,55.7251968,12.4396418,https://www.google.com/maps/place/Fri+BikeShop/data=!4m7!3m6!1s0x46525164f5a71891:0x8a9a0b6b182782bc!8m2!3d55.7251968!4d12.4396418!16s%2Fg%2F11h0_lfy8r!19sChIJkRin9WRRUkYRvIInGGsLmoo?authuser=0&hl=en&rclk=1
Cykelbutik i Danmark Ballerup,Cykelcentret Skovlunde Syd ApS,Road cycling,"Bybjergvej 4D, 2740 Skovlunde, Denmark",+4544847405,"PC92+J9 Skovlunde, Denmark",4.5,http://cykelcentret.dk/,13,55.7190695,12.4009729,https://www.google.com/maps/place/Cykelcentret+Skovlunde+Syd+ApS/data=!4m7!3m6!1s0x465250670131eeaf:0x695f49061a7c11d!8m2!3d55.7190695!4d12.4009729!16s%2Fg%2F1q5bl_hmr!19sChIJr-4xAWdQUkYRHcGnYZD0lQY?authuser=0&hl=en&rclk=1
Cykelbutik i Danmark Ballerup,Hareskov Cykler,Bicycle store,"Elme Alle 6, 3500 Værløse, Denmark",+4544980603,"Q95V+W9 Værløse, Denmark",4.7,http://www.hareskovcykler.dk/,17,55.7598085,12.393449,https://www.google.com/maps/place/Hareskov+Cykler/data=!4m7!3m6!1s0x46524fff0f359837:0x8b3a3ed435042472!8m2!3d55.7598085!4d12.393449!16s%2Fg%2F1hc74gr18!19sChIJN5g1D_9PUkYRciQENdQ-Oos?authuser=0&hl=en&rclk=1
Cykelbutik i Danmark Ballerup,Cykelstyrken (Skovlunde),Bicycle repair shop,"Bybjergvej 4D, 2740 Skovlunde, Denmark",+4544847405,"PC92+J9 Skovlunde, Denmark",4.0,https://www.cykelstyrken.dk/,27,55.7190695,12.4009729,https://www.google.com/maps/place/Cykelstyrken+%28Skovlunde%29/data=!4m7!3m6!1s0x465250670131bc1b:0x91c06cd0f9c4e76b!8m2!3d55.7190695!4d12.4009729!16s%2Fg%2F11b6njvvpw!19sChIJG7wxAWdQUkYRa-fE-dBswJE?authuser=0&hl=en&rclk=1
Cykelbutik i Danmark Ballerup,INTERSPORT Ballerup - Ballerup Centret,Sporting goods store,"Ballerup Centret 75, 2750 Ballerup, Denmark",+4572185581,"P9H5+G2 Ballerup, Denmark",4.0,https://www.intersport.dk/butikker,96,55.7288427,12.3575857,https://www.google.com/maps/place/INTERSPORT+Ballerup+-+Ballerup+Centret/data=!4m7!3m6!1s0x46525a9065000001:0x2933dc360e6a6efd!8m2!3d55.7288427!4d12.3575857!16s%2Fg%2F11h7d1t8gk!19sChIJAQAAZZBaUkYR_W5qDjbcMyk?authuser=0&hl=en&rclk=1
Cykelbutik i Danmark Birkerød,Time2Bike,Road cycling,"Hovedgaden 49, 3460 Birkerød, Denmark",+4532162930,"RCQJ+R4 Birkerød, Denmark",4.7,http://time2bike.dk/,43,55.839501,12.4303329,https://www.google.com/maps/place/Time2Bike/data=!4m7!3m6!1s0x46524f55a09f30ff:0x5eb25ea127bc3460!8m2!3d55.839501!4d12.4303329!16s%2Fg%2F11g7zg2nft!19sChIJ_zCfoFVPUkYRYDS8J6Fesl4?authuser=0&hl=en&rclk=1
Cykelbutik i Danmark Birkerød,T-Bikes Europe,Bicycle store,"Topstykket 11, 3460 Birkerød, Denmark",+4545814366,"RCP3+FX Birkerød, Denmark",5.0,https://www.t-bikes.dk/,2,55.8361449,12.4049098,https://www.google.com/maps/place/T-Bikes+Europe/data=!4m7!3m6!1s0x465245e5a1ec55c9:0x1af24204421f6f5e!8m2!3d55.8361449!4d12.4049098!16s%2Fg%2F1tmpcjzr!19sChIJyVXsoeVFUkYRXm8fQgRC8ho?authuser=0&hl=en&rclk=1
Cykelbutik i Danmark Birkerød,Ritter Bikes,Bicycle store,"Hovedgaden 19, 3460 Birkerød, Denmark",+4545876601,"RCRM+W9 Birkerød, Denmark",4.4,https://www.rittercykler.net/,90,55.8423465,12.4334997,https://www.google.com/maps/place/Ritter+Bikes/data=!4m7!3m6!1s0x46524e6c3e84836d:0x842a4dbff3f5620!8m2!3d55.8423465!4d12.4334997!16s%2Fg%2F1tcxhcsg!19sChIJbYOEPmxOUkYRIFY__9ukQgg?authuser=0&hl=en&rclk=1
Cykelbutik i Danmark Birkerød,Fri BikeShop,Bicycle store,"Hovedgaden 38, 3460 Birkerød, Denmark",+4555553460,"RCRJ+8F Birkerød, Denmark",3.9,https://www.fribikeshop.dk/butikker/birkeroed,53,55.840796,12.4312071,https://www.google.com/maps/place/Fri+BikeShop/data=!4m7!3m6!1s0x46524f55bdda7b27:0xdf63e96406cbb784!8m2!3d55.840796!4d12.4312071!16s%2Fg%2F1tp0c8mm!19sChIJJ3vavVVPUkYRhLfLBmTpY98?authuser=0&hl=en&rclk=1
Cykelbutik i Danmark Birkerød,bikesense,Bicycle repair shop,"Vasevej 125, 3460 Birkerød, Denmark",+4527588770,"RCGJ+V5 Birkerød, Denmark",4.7,https://www.facebook.com/BikeSense3460/,11,55.8272295,12.4304475,https://www.google.com/maps/place/bikesense/data=!4m7!3m6!1s0x465251f231dc1d97:0xf54217d302b7eb5e!8m2!3d55.8272295!4d12.4304475!16s%2Fg%2F11j4q5mmx1!19sChIJlx3cMfJRUkYRXuu3AtMXQvU?authuser=0&hl=en&rclk=1
Cykelbutik i Danmark Bjerringbro,Giant Store Cyklebørsen Bjerringbro,Bicycle store,"Brogade 47, 8850 Bjerringbro, Denmark",+4586683787,"9MC6+37 Bjerringbro, Denmark",4.9,https://www.cykleborsen.dk/,36,56.3701432,9.6606341,https://www.google.com/maps/place/Giant+Store+Cykleb%C3%B8rsen+Bjerringbro/data=!4m7!3m6!1s0x464bf82b8c0a7091:0xc535e5b5e626a5aa!8m2!3d56.3701432!4d9.6606341!16s%2Fg%2F11xdmlg0m!19sChIJkXAKjCv4S0YRqqUm5rXlNcU?authuser=0&hl=en&rclk=1
Cykelbutik i Danmark Bjerringbro,Fri BikeShop,Not Found,"Storegade 11, 8850 Bjerringbro, Denmark",+4587500022,"9MF4+QH Bjerringbro, Denmark",4.7,https://www.fribikeshop.dk/,30,56.3744074,9.6563856,https://www.google.com/maps/place/Fri+BikeShop/data=!4m7!3m6!1s0x464bf8329e5a0cf3:0x472e5fd702af9a36!8m2!3d56.3744074!4d9.6563856!16s%2Fg%2F1ttyvbdt!19sChIJ8wxanjL4S0YRNpqvAtdfLkc?authuser=0&hl=en&rclk=1
Cykelbutik i Danmark Bording,Fri BikeShop,Bicycle store,"Engdahlsvej 10, 7400 Herning, Denmark",+4597220022,"42M5+VM Herning, Denmark",4.6,https://www.fribikeshop.dk/butikker/herning/oest,36,56.1346327,9.0092276,https://www.google.com/maps/place/Fri+BikeShop/data=!4m7!3m6!1s0x464bbc19877cf6ff:0x7844e369b9e58f70!8m2!3d56.1346327!4d9.0092276!16s%2Fg%2F11b73m176n!19sChIJ__Z8hxm8S0YRcI_luWnjRHg?authuser=0&hl=en&rclk=1
Cykelbutik i Danmark Bording,Rolsted Cykler - Thomas Hartman Jensen,Bicycle store,"Ll. Sct. Hans Gade 22, 8800 Viborg, Denmark",+4586620419,"FC25+WJ Viborg, Denmark",4.8,http://rolsted-viborg.dk/,89,56.452264,9.40905,https://www.google.com/maps/place/Rolsted+Cykler+-+Thomas+Hartman+Jensen/data=!4m7!3m6!1s0x464be46787326015:0x28b1d4d21267a8e6!8m2!3d56.452264!4d9.40905!16s%2Fg%2F11y0dlhch!19sChIJFWAyh2fkS0YR5qhnEtLUsSg?authuser=0&hl=en&rclk=1
Cykelbutik i Danmark Bording,Fri BikeShop,Bicycle store,"Vestergade 15, 7430 Ikast, Denmark",+4597151642,"45Q3+J4 Ikast, Denmark",4.5,https://www.fribikeshop.dk/butikker/ikast,34,56.1391191,9.152775,https://www.google.com/maps/place/Fri+BikeShop/data=!4m7!3m6!1s0x464b95dcd4cac25d:0xa5f5a25cff4cbd31!8m2!3d56.1391191!4d9.152775!16s%2Fg%2F113gvg3r3!19sChIJXcLK1NyVS0YRMb1M_1yi9aU?authuser=0&hl=en&rclk=1
Cykelbutik i Danmark Bording,Bikein Ringkobing,Bicycle store,"Søndervigvej 7, 6950 Ringkøbing, Denmark",+4597324477,"36RQ+JC Ringkobing, Denmark",4.7,http://www.bikein.dk/,66,56.0915126,8.2385927,https://www.google.com/maps/place/Bikein+Ringkobing/data=!4m7!3m6!1s0x464a5b39307b1439:0x162bade856aa434f!8m2!3d56.0915126!4d8.2385927!16s%2Fg%2F1td240ts!19sChIJORR7MDlbSkYRT0OqVuitKxY?authuser=0&hl=en&rclk=1
Cykelbutik i Danmark Bording,Kibæk Cykler,Bicycle store,"Sandfeldparken 34, 6933 Kibæk, Denmark",+4597191180,"2VP2+FF Kibæk, Denmark",5.0,https://kibaek-cykler.dk/,43,56.036235,8.8511969,https://www.google.com/maps/place/Kib%C3%A6k+Cykler/data=!4m7!3m6!1s0x464ba56c6288093d:0xe8da9f2cc02d4d8b!8m2!3d56.036235!4d8.8511969!16s%2Fg%2F1vtzftr4!19sChIJPQmIYmylS0YRi00twCyf2ug?authuser=0&hl=en&rclk=1
Cykelbutik i Danmark Bording,Cykelshoppen,Bicycle store,"Sverigesvej 9C, 8660 Skanderborg, Denmark",+4573707870,"3X32+93 Skanderborg, Denmark",4.6,https://www.cykelshoppen.dk/,48,56.0534286,9.9501724,https://www.google.com/maps/place/Cykelshoppen/data=!4m7!3m6!1s0x464c6fd0930a1ec9:0x226f5ba337a82227!8m2!3d56.0534286!4d9.9501724!16s%2Fg%2F11h2hmmbtd!19sChIJyR4Kk9BvTEYRJyKoN6NbbyI?authuser=0&hl=en&rclk=1
Cykelbutik i Danmark Bording,Bings BikeStore,Bicycle repair shop,"Grumstolsvej 6, 8270 Højbjerg, Denmark",+4522499193,"4685+GR Højbjerg, Denmark",4.8,https://bikestore.dk/,106,56.1163729,10.2095942,https://www.google.com/maps/place/Bings+BikeStore/data=!4m7!3m6!1s0x464c405e164cffb5:0xbade8d6c4a4601b8!8m2!3d56.1163729!4d10.2095942!16s%2Fg%2F11cjhn0mls!19sChIJtf9MFl5ATEYRuAFGSmyN3ro?authuser=0&hl=en&rclk=1
Cykelbutik i Danmark Bording,Bike-pit.dk,Bicycle store,"Lind Hovedgade 4, 7400 Herning, Denmark",+4542607020,"4X4H+XF Herning, Denmark",4.9,http://www.bike-pit.dk/,62,56.1074301,8.978737,https://www.google.com/maps/place/Bike-pit.dk/data=!4m7!3m6!1s0x464bbdd763213477:0x8566de1894038185!8m2!3d56.1074301!4d8.978737!16s%2Fg%2F1tvdhd1m!19sChIJdzQhY9e9S0YRhYEDlBjeZoU?authuser=0&hl=en&rclk=1
Cykelbutik i Danmark Bording,Lindbergsport,Bicycle store,"Lyngåvej 64, 8370 Hadsten, Denmark",+4573702511,"8X8H+VQ Hadsten, Denmark",4.8,https://lindbergsport.dk/,26,56.3171531,9.9794944,https://www.google.com/maps/place/Lindbergsport/data=!4m7!3m6!1s0x464c1018063b60f1:0x9aba3d73b367fd9a!8m2!3d56.3171531!4d9.9794944!16s%2Fg%2F1tdqs3vs!19sChIJ8WA7BhgQTEYRmv1ns3M9upo?authuser=0&hl=en&rclk=1
Cykelbutik i Danmark Bording,Cykler & Fritid Ikast,Bicycle store,"Nikolajsens Pl. 5, 7430 Ikast, Denmark",+4523364837,"45Q4+6Q Ikast, Denmark",4.9,http://cyklerogfritidikast.dk/,45,56.138052,9.1569485,https://www.google.com/maps/place/Cykler+%26+Fritid+Ikast/data=!4m7!3m6!1s0x464b95d950b6cb77:0xdbcbef1a17daa01e!8m2!3d56.138052!4d9.1569485!16s%2Fg%2F11hbnprlxx!19sChIJd8u2UNmVS0YRHqDaFxrvy9s?authuser=0&hl=en&rclk=1
Cykelbutik i Danmark Bording,Bk Cykler (Brian Kristensen),Bicycle store,"Viborgvej 117, 8450 Hammel, Denmark",+4586965198,"6VPM+46 Hammel, Denmark",4.7,https://www.bkcykler.com/,40,56.2352823,9.8830532,https://www.google.com/maps/place/Bk+Cykler+%28Brian+Kristensen%29/data=!4m7!3m6!1s0x464c0dc80eb4db79:0x2489194516cc6edb!8m2!3d56.2352823!4d9.8830532!16s%2Fg%2F1tjt0jk7!19sChIJedu0DsgNTEYR227MFkUZiSQ?authuser=0&hl=en&rclk=1
Cykelbutik i Danmark Bording,Cykelfavoritten,Bicycle store,"Søndergade 36, 8600 Silkeborg, Denmark",+4553748600,"5H82+FG Silkeborg, Denmark",4.7,http://cykelfavoritten.dk/,105,56.1661459,9.5513543,https://www.google.com/maps/place/Cykelfavoritten/data=!4m7!3m6!1s0x464b8b14f53e6ecf:0xa4f673b5c2a17278!8m2!3d56.1661459!4d9.5513543!16s%2Fg%2F11c20bbt01!19sChIJz24-9RSLS0YReHKhwrVz9qQ?authuser=0&hl=en&rclk=1
Cykelbutik i Danmark Bording,Schaufuss Bikes ApS,Bicycle store,"Nørreskov Bakke 93, A, 8600 Silkeborg, Denmark",+4586813938,"5HXV+Q3 Silkeborg, Denmark",4.3,http://www.cykelfavoritten.dk/,63,56.1994315,9.5927386,https://www.google.com/maps/place/Schaufuss+Bikes+ApS/data=!4m7!3m6!1s0x464bf52825999409:0x32771852a512b833!8m2!3d56.1994315!4d9.5927386!16s%2Fg%2F1v3dqqtx!19sChIJCZSZJSj1S0YRM7gSpVIYdzI?authuser=0&hl=en&rclk=1
Cykelbutik i Danmark Bording,Ringgården Bicycles v / Kenneth Thomsen,Bicycle store,"Vestre Ringgade 80, 8000 Aarhus, Denmark",+4586133750,"555M+W7 Aarhus Municipality, Denmark",4.9,http://ringgaardens-cykler.dk/,66,56.159827,10.183228,https://www.google.com/maps/place/Ringg%C3%A5rden+Bicycles+v+%2F+Kenneth+Thomsen/data=!4m7!3m6!1s0x464c3fe61d3dcce1:0x7c1ae7f1be69308d!8m2!3d56.159827!4d10.183228!16s%2Fg%2F12hkg4lr_!19sChIJ4cw9HeY_TEYRjTBpvvHnGnw?authuser=0&hl=en&rclk=1
Cykelbutik i Danmark Bording,Cykler.dk,Bicycle store,"Storegade 27, 7620 Lemvig, Denmark",+4577340818,"G7XX+32 Lemvig, Denmark",4.7,http://www.cykler.dk/,15,56.5476293,8.2975909,https://www.google.com/maps/place/Cykler.dk/data=!4m7!3m6!1s0x464a23da39850b7f:0xd184078b96d89915!8m2!3d56.5476293!4d8.2975909!16s%2Fg%2F1vd74hwd!19sChIJfwuFOdojSkYRFZnYlosHhNE?authuser=0&hl=en&rclk=1
Cykelbutik i Danmark Bording,Cycle Sport Silkeborg,Bicycle store,"Håndværkervej 8C, 8600 Silkeborg, Denmark",+4564632160,"5GMQ+P8 Silkeborg, Denmark",4.4,http://www.cyclesportsilkeborg.dk/,86,56.1843177,9.5382695,https://www.google.com/maps/place/Cycle+Sport+Silkeborg/data=!4m7!3m6!1s0x464b8b4fddb4ce61:0x3c962f51f916f5d9!8m2!3d56.1843177!4d9.5382695!16s%2Fg%2F11c3kpz87w!19sChIJYc603U-LS0YR2fUW-VEvljw?authuser=0&hl=en&rclk=1
Cykelbutik i Danmark Bording,Fri BikeShop,Bicycle store,"Bredhøjvej 40, 8600 Silkeborg, Denmark",+4586820955,"5GPX+Q6 Silkeborg, Denmark",4.4,https://www.fribikeshop.dk/butikker/silkeborg,42,56.1869686,9.5480996,https://www.google.com/maps/place/Fri+BikeShop/data=!4m7!3m6!1s0x464b8b4628840277:0x1583e7ca6453133f!8m2!3d56.1869686!4d9.5480996!16s%2Fg%2F113flsd8w!19sChIJdwKEKEaLS0YRPxNTZMrngxU?authuser=0&hl=en&rclk=1
Cykelbutik i Danmark Bording,"FR Bikes - Bike, Cykelhandler, Bicycle Workshop",Bicycle store,"Vævervej 19, 8800 Viborg, Denmark",+4552392363,"FC72+7F Viborg, Denmark",4.7,https://www.facebook.com/FRCykler/,58,56.463206,9.4011671,"https://www.google.com/maps/place/FR+Bikes+-+Bike,+Cykelhandler,+Bicycle+Workshop/data=!4m7!3m6!1s0x464be46de29b4191:0xfe06bb0b7bbe9d71!8m2!3d56.463206!4d9.4011671!16s%2Fg%2F1hc6998hq!19sChIJkUGb4m3kS0YRcZ2-ewu7Bv4?authuser=0&hl=en&rclk=1"
Cykelbutik i Danmark Bording,BikeWorld,Bicycle store,"Viborgvej 3, 8600 Silkeborg, Denmark",+4586827399,"5GMV+HG Silkeborg, Denmark",4.0,http://www.bikeworld.dk/,205,56.1839038,9.5438489,https://www.google.com/maps/place/BikeWorld/data=!4m7!3m6!1s0x464b8b45564ffc7f:0xdf0b8b51a61ed627!8m2!3d56.1839038!4d9.5438489!16s%2Fg%2F1pp2tk9gg!19sChIJf_xPVkWLS0YRJ9YeplGLC98?authuser=0&hl=en&rclk=1
Cykelbutik i Danmark Bording,BikePro,Bicycle repair shop,"Snejbjerg Hovedgade 61, 7400 Herning, Denmark",+4560560537,"4VJQ+97 Herning, Denmark",5.0,https://bikepro.dk/?utm_source=google&utm_medium=organic&utm_campaign=Google%20my%20Business,26,56.130892,8.8882312,https://www.google.com/maps/place/BikePro/data=!4m7!3m6!1s0x464bbb28770e7d35:0x9c40990ecba2bb1e!8m2!3d56.130892!4d8.8882312!16s%2Fg%2F11gmy7mfc7!19sChIJNX0Odyi7S0YRHruiyw6ZQJw?authuser=0&hl=en&rclk=1
Cykelbutik i Danmark Bording,Børkop Bicycles / BCbikeshop.dk,Bicycle store,"Vestergade 17, 7080 Børkop, Denmark",+4575867228,"JJVW+8Q Børkop, Denmark",4.5,https://boerkopcykler.dk/,224,55.6433219,9.6469608,https://www.google.com/maps/place/B%C3%B8rkop+Bicycles+%2F+BCbikeshop.dk/data=!4m7!3m6!1s0x464c9b2a8ef1d601:0x680af700f5db570a!8m2!3d55.6433219!4d9.6469608!16s%2Fg%2F1q5bmh2xc!19sChIJAdbxjiqbTEYRClfb9QD3Cmg?authuser=0&hl=en&rclk=1
Cykelbutik i Danmark Bording,Allbike.dk ApS,Bicycle store,"Messingvej 6, 8940 Randers, Denmark",+4591526098,"C3H3+RC Randers Municipality, Denmark",4.8,http://allbike.dk/,74,56.4295637,10.0535693,https://www.google.com/maps/place/Allbike.dk+ApS/data=!4m7!3m6!1s0x464c030be3225d35:0xfffb21be667484e4!8m2!3d56.4295637!4d10.0535693!16s%2Fg%2F1hc631239!19sChIJNV0i4wsDTEYR5IR0Zr4h-_8?authuser=0&hl=en&rclk=1
Cykelbutik i Danmark Bording,Per P Cycles,Bicycle store,"Snejbjerg Hovedgade 19, 7400 Herning, Denmark",+4597168866,"4WM2+2F Herning, Denmark",4.8,https://www.perpcykler.dk/,45,56.132591,8.9011337,https://www.google.com/maps/place/Per+P+Cycles/data=!4m7!3m6!1s0x464bba39b9fdd80f:0x4795cfae44bb5608!8m2!3d56.132591!4d8.9011337!16s%2Fg%2F1tg7qm9l!19sChIJD9j9uTm6S0YRCFa7RK7PlUc?authuser=0&hl=en&rclk=1
Cykelbutik i Danmark Bording,Bording Mtb & Four Cross,Bicycle club,"Klochsvej 27, 7441 Bording, Denmark",+4529425975,"47X9+F6 Bording, Denmark",Not Found,Not Found,,56.1486829,9.2681041,https://www.google.com/maps/place/Bording+Mtb+%26+Four+Cross/data=!4m7!3m6!1s0x464b93c03d6f366d:0x3b2933ce9282bdd3!8m2!3d56.1486829!4d9.2681041!16s%2Fg%2F1q5bmrq2m!19sChIJbTZvPcCTS0YR072Cks4zKTs?authuser=0&hl=en&rclk=1
Cykelbutik i Danmark Bording,Fri BikeShop,Bicycle store,"Kristrupvej 5, 8960 Randers SØ, Denmark",+4586439989,"F22W+G5 Randers SØ, Randers, Denmark",4.6,https://www.fribikeshop.dk/butikker/randers/sydoest,79,56.4512814,10.0453861,https://www.google.com/maps/place/Fri+BikeShop/data=!4m7!3m6!1s0x464c1cc1bd435fe3:0x2664049c15daba11!8m2!3d56.4512814!4d10.0453861!16s%2Fg%2F11c542h_46!19sChIJ419DvcEcTEYREbraFZwEZCY?authuser=0&hl=en&rclk=1
Cykelbutik i Danmark Bornholm,"Boss Cykler - Din lokale Cykelhandler på Bornholm - Citybikes, Racercykler & El Cykler",Bicycle store,"Kannikegårdsvej 10, 3730 Nexø, Denmark",+4556494474,"24R2+JQ Nexø, Denmark",4.9,http://www.bosscykler.dk/,111,55.0415619,15.1019232,"https://www.google.com/maps/place/Boss+Cykler+-+Din+lokale+Cykelhandler+p%C3%A5+Bornholm+-+Citybikes,+Racercykler+%26+El+Cykler/data=!4m7!3m6!1s0x46556db4c70dac55:0x6f2ec552d7631a4e!8m2!3d55.0415619!4d15.1019232!16s%2Fg%2F1td0f389!19sChIJVawNx7RtVUYRThpj11LFLm8?authuser=0&hl=en&rclk=1"
Cykelbutik i Danmark Bornholm,Fri BikeShop,Bicycle store,"Søndergade 7, 3700 Rønne, Denmark",+4556950604,"3PX2+VF Rønne, Denmark",4.1,https://www.fribikeshop.dk/butikker/roenne/soendergade,30,55.0997254,14.7012179,https://www.google.com/maps/place/Fri+BikeShop/data=!4m7!3m6!1s0x46551afcf1c18eb9:0xa17779bb9a6f41!8m2!3d55.0997254!4d14.7012179!16s%2Fg%2F11xkpwbbk!19sChIJuY7B8fwaVUYRQW-au3l3oQA?authuser=0&hl=en&rclk=1
Cykelbutik i Danmark Bornholm,Holms Cykler ApS,Bicycle store,"Store Torvegade 59, 3700 Rønne, Denmark",+4571740929,"4P42+F9 Rønne, Denmark",4.7,Not Found,65,55.1061386,14.7008772,https://www.google.com/maps/place/Holms+Cykler+ApS/data=!4m7!3m6!1s0x46551bdb93b8c8dd:0xec71d004dc4494cf!8m2!3d55.1061386!4d14.7008772!16s%2Fg%2F11fjs8v5qy!19sChIJ3ci4k9sbVUYRz5RE3ATQcew?authuser=0&hl=en&rclk=1
Cykelbutik i Danmark Bornholm,Nordbornholms Cykelforretning (Ved BOSS CYKLER),Bicycle rental service,"Birkevænget 2, 3770 Allinge-Sandvig, Denmark",+4556480291,"7RF2+F9 Allinge-Sandvig, Denmark",4.4,http://www.nbhc.dk/,107,55.2736309,14.8009039,https://www.google.com/maps/place/Nordbornholms+Cykelforretning+%28Ved+BOSS+CYKLER%29/data=!4m7!3m6!1s0x465507a14ce515ff:0xfd0e50efa6964b!8m2!3d55.2736309!4d14.8009039!16s%2Fg%2F1tf22pz9!19sChIJ_xXlTKEHVUYRS5am71AO_QA?authuser=0&hl=en&rclk=1
Cykelbutik i Danmark Bornholm,Aakirkeby Cykler,Road cycling,"Storegade 21, 3720 Aakirkeby, Denmark",+4556970047,"3WC9+3G Aakirkeby, Denmark",4.5,https://aakirkebycykler.dk/,15,55.070171,14.9188291,https://www.google.com/maps/place/Aakirkeby+Cykler/data=!4m7!3m6!1s0x4655133fed5a9f95:0x11a0fa204085f39b!8m2!3d55.070171!4d14.9188291!16s%2Fg%2F11jpmrvbdl!19sChIJlZ9a7T8TVUYRm_OFQCD6oBE?authuser=0&hl=en&rclk=1
Cykelbutik i Danmark Bornholm,Christiania Bikes | Bornholm,Manufacturer,"Brogårdsvej 1, 3700 Rønne, Denmark",+4556966700,"4QWF+J9 Rønne, Denmark",3.1,https://www.christianiabikes.com/,8,55.146605,14.773438,https://www.google.com/maps/place/Christiania+Bikes+%7C+Bornholm/data=!4m7!3m6!1s0x46550f5a2c3ada2f:0xc1e9df16aeef3653!8m2!3d55.146605!4d14.773438!16s%2Fg%2F1td2l2h_!19sChIJL9o6LFoPVUYRUzbvrhbf6cE?authuser=0&hl=en&rclk=1
Cykelbutik i Danmark Bornholm,Bornholm Adventure Minigolf,Miniature golf course,"Melstedvej 39, 3760 Gudhjem, Denmark",+4556485211,"5XWP+8H Gudhjem, Denmark",4.3,https://bornholmsminigolf.dk/,106,55.195835,14.98639,https://www.google.com/maps/place/Bornholm+Adventure+Minigolf/data=!4m7!3m6!1s0x46550b8e1c966623:0x783071dcbe027eb8!8m2!3d55.195835!4d14.98639!16s%2Fg%2F11h4c73gny!19sChIJI2aWHI4LVUYRuH4CvtxxMHg?authuser=0&hl=en&rclk=1
Cykelbutik i Danmark Bramming,Design Cykler Esbjerg,Bicycle store,"Østervangsvej 16, 6715 Esbjerg, Denmark",+4575150780,"GF23+PX Esbjerg, Denmark",4.5,http://www.designcykler.dk/shop/cms-Cykelhandler-Esbjerg.html,64,55.5017509,8.4549289,https://www.google.com/maps/place/Design+Cykler+Esbjerg/data=!4m7!3m6!1s0x464b20fd052311f1:0x74219a2152fd7834!8m2!3d55.5017509!4d8.4549289!16s%2Fg%2F1tv22rt9!19sChIJ8REjBf0gS0YRNHj9UiGaIXQ?authuser=0&hl=en&rclk=1
Cykelbutik i Danmark Bramming,Fri BikeShop,Bicycle store,"Gl Vardevej 175, 6715 Esbjerg N, Denmark",+4575133030,"GC2X+WQ Esbjerg N, Esbjerg, Denmark",4.5,https://www.fribikeshop.dk/butikker/esbjerg/nord,88,55.5023359,8.4494593,https://www.google.com/maps/place/Fri+BikeShop/data=!4m7!3m6!1s0x464b20fb770b549f:0x8defd9912ac325e0!8m2!3d55.5023359!4d8.4494593!16s%2Fg%2F1tk_mwfx!19sChIJn1QLd_sgS0YR4CXDKpHZ740?authuser=0&hl=en&rclk=1
Cykelbutik i Danmark Bramming,thansen Bramming,Home goods store,"Vardevej 4, 6740 Bramming, Denmark",+4531313131,"FM9H+G8 Bramming, Denmark",4.8,https://www.thansen.dk/butikker/brammning?utm_source=google&utm_medium=organic&utm_campaign=local_search&utm_id=bramming,6,55.4688517,8.6783025,https://www.google.com/maps/place/thansen+Bramming/data=!4m7!3m6!1s0x464b3dd8af113e51:0x803df999aee65ccd!8m2!3d55.4688517!4d8.6783025!16s%2Fg%2F11l2k2wdjm!19sChIJUT4Rr9g9S0YRzVzmrpn5PYA?authuser=0&hl=en&rclk=1
Cykelbutik i Danmark Bramming,føtex,Supermarket,"Kronprinsensgade 1, 3, 6700 Esbjerg, Denmark",+4576136000,"FC8W+C8 Esbjerg, Denmark",4.1,https://www.foetex.dk/,1782,55.4660552,8.445826,"https://www.google.com/maps/place/f%C3%B8tex+Esbjerg,+Smedegade/data=!4m7!3m6!1s0x464b272a9faff8b5:0x44da0e63d1d5773d!8m2!3d55.466055!4d8.445826!16s%2Fg%2F1ptxrm47q!19sChIJtfivnyonS0YRPXfV0WMO2kQ?authuser=0&hl=en&rclk=1"
Cykelbutik i Danmark Bramming,El-scootere & Elcykler Esbjerg - Lindebjerg A/S,Bicycle store,"Østre Gjesingvej 13b, 6715 Esbjerg Kommune, Denmark",+4563150000,"GF44+9J Esbjerg Municipality, Denmark",Not Found,https://lindebjerg.dk/shop/cms-103.html,,55.505888,8.4565515,https://www.google.com/maps/place/El-scootere+%26+Elcykler+Esbjerg+-+Lindebjerg+A%2FS/data=!4m7!3m6!1s0x464b21ff28917463:0xaa5316b91ca6f68c!8m2!3d55.505888!4d8.456552!16s%2Fg%2F11m5d5pxq4!19sChIJY3SRKP8hS0YRjPamHLkWU6o?authuser=0&hl=en&rclk=1
Cykelbutik i Danmark Bramming,Mikes Cykelværksted,Bicycle repair shop,"Industrivej 11, 6740 Bramming, Denmark",+4540984252,"FM7V+P8 Bramming, Denmark",4.5,https://www.facebook.com/Mikes-Cykelv%C3%A6rksted-1712411085680813/?hc_ref=NEWSFEED&fref=nf,4,55.464274,8.6933518,https://www.google.com/maps/place/Mikes+Cykelv%C3%A6rksted/data=!4m7!3m6!1s0x464b3c8a1e1dc111:0xa8590a0880d80451!8m2!3d55.464274!4d8.6933518!16s%2Fg%2F11xpsm8n4!19sChIJEcEdHoo8S0YRUQTYgAgKWag?authuser=0&hl=en&rclk=1
Cykelbutik i Danmark Bramming,Ribe Cykellager A/S,Bicycle store,"Industrivej 20, A, 6760 Ribe, Denmark",+4575424242,"8QXH+VP Ribe, Denmark",4.1,http://www.ribecykellager.dk/,130,55.3497096,8.7793404,https://www.google.com/maps/place/Ribe+Cykellager+A%2FS/data=!4m7!3m6!1s0x464b37793f72eb3b:0xad8f22d59ad64dae!8m2!3d55.3497096!4d8.7793404!16s%2Fg%2F1tdp_qx6!19sChIJO-tyP3k3S0YRrk3WmtUij60?authuser=0&hl=en&rclk=1
Cykelbutik i Danmark Brøndby,Heino Cykler,Bicycle store,"Roskildevej 527, 2605 Brøndby, Denmark",+4543432239,"MC9F+66 Brondby, Denmark",4.2,https://heino-cykler.dk/,138,55.6680495,12.4231081,https://www.google.com/maps/place/Heino+Cykler/data=!4m7!3m6!1s0x4652512c0eb903d1:0xf14635e202bc4778!8m2!3d55.6680495!4d12.4231081!16s%2Fg%2F1hc0wnn83!19sChIJ0QO5DixRUkYReEe8AuI1RvE?authuser=0&hl=en&rclk=1
Cykelbutik i Danmark Brøndby,J.P. Cykler,Bicycle store,"Gammel Køge Landevej 778B, 2660 Brøndby Strand, Denmark",+4543531218,"JC94+9C Brøndby Strand, Denmark",4.3,http://www.jp-cykler.dk/,46,55.6184991,12.406089,https://www.google.com/maps/place/J.P.+Cykler/data=!4m7!3m6!1s0x4652565792280387:0x5c69288158aed5d8!8m2!3d55.6184991!4d12.406089!16s%2Fg%2F1vhkj4jg!19sChIJhwMokldWUkYR2NWuWIEoaVw?authuser=0&hl=en&rclk=1
Cykelbutik i Danmark Brøndby,Amladcykler,Bicycle store,"Langelandsvej 47A, 2000 Frederiksberg, Denmark",+4571997799,"MGPJ+F9 Frederiksberg, Denmark",3.5,https://amladcykler.dk/,327,55.6861601,12.5308973,https://www.google.com/maps/place/Amladcykler/data=!4m7!3m6!1s0x465253be5a59c3a9:0x69db48a1c2ade515!8m2!3d55.68616!4d12.530897!16s%2Fg%2F11bxjjhdtf!19sChIJqcNZWr5TUkYRFeWtwqFI22k?authuser=0&hl=en&rclk=1
Cykelbutik i Danmark Brøndby,Shimano Nordic Denmark ApS,Bicycle store,"Kirkebjerg Parkvej 9b, 2605 Brøndby, Denmark",+4569911660,"M95W+H6 Brondby, Denmark",4.8,Not Found,5,55.6589672,12.3956201,https://www.google.com/maps/place/Shimano+Nordic+Denmark+ApS/data=!4m7!3m6!1s0x46525725b761554f:0xd06645a4f65c6ded!8m2!3d55.6589672!4d12.3956201!16s%2Fg%2F1q5bmy8s7!19sChIJT1VhtyVXUkYR7W1c9qRFZtA?authuser=0&hl=en&rclk=1
Cykelbutik i Danmark Brøndby,Brøndby Cykler - Brugte Cykler,Bicycle store,"Brøndby Parkvej 4C, 2605 Brøndby, Denmark",+4536759410,"MC6V+W2 Brondby, Denmark",4.7,http://www.brondbycykler.dk/,29,55.6623233,12.4425734,https://www.google.com/maps/place/Br%C3%B8ndby+Cykler+-+Brugte+Cykler/data=!4m7!3m6!1s0x46525135396ff44f:0x4f4cb3379d8490dd!8m2!3d55.6623233!4d12.4425734!16s%2Fg%2F1hc7pq5k9!19sChIJT_RvOTVRUkYR3ZCEnTezTE8?authuser=0&hl=en&rclk=1
Cykelbutik i Danmark Brøndby,Ren Cykel,Bicycle repair shop,"Sluseholmen 14, 2450 København, Denmark",+4571749559,"JGWX+35 Copenhagen, Denmark",4.4,https://www.rencykel.dk/book-sluseholmen,93,55.6452302,12.5478802,https://www.google.com/maps/place/Ren+Cykel/data=!4m7!3m6!1s0x465255f8f133ee59:0xb7e5e297f6b1fcd7!8m2!3d55.64523!4d12.54788!16s%2Fg%2F11rdcm9y0f!19sChIJWe4z8fhVUkYR1_yx9pfi5bc?authuser=0&hl=en&rclk=1
Cykelbutik i Danmark Brøndby,Design Cykler Brøndby,Bicycle store,"Roskildevej 537b, 2605 Brøndby, Denmark",+4543423037,"MC8C+X9 Brondby, Denmark",5.0,https://www.designcykler.dk/shop/cms-cykelhandler-broendby.html,4,55.667493,12.4209143,https://www.google.com/maps/place/Design+Cykler+Br%C3%B8ndby/data=!4m7!3m6!1s0x46525169966b4aff:0xc35ba5f6dc4ccfe8!8m2!3d55.667493!4d12.4209143!16s%2Fg%2F11vf3s0jq1!19sChIJ_0prlmlRUkYR6M9M3PalW8M?authuser=0&hl=en&rclk=1
Cykelbutik i Danmark Brøndby,Get Bike Service Denmark,Bicycle repair shop,"Søndre Ringvej 49c, 2605 Brøndby, Denmark",+452605,"M93W+5M Brondby, Denmark",4.1,https://getbikeservice.com/,10,55.6529987,12.3966995,https://www.google.com/maps/place/Get+Bike+Service+Denmark/data=!4m7!3m6!1s0x4652453c9ecf6f67:0x59a880b83a2f789!8m2!3d55.6529987!4d12.3966995!16s%2Fg%2F11h3l0p1h0!19sChIJZ2_PnjxFUkYRifeigwuImgU?authuser=0&hl=en&rclk=1
Cykelbutik i Danmark Brønderslev,DinCykel,Bicycle store,"Løkkenvej 196, Tolstrup, 9700 Brønderslev, Denmark",+4528717814,"8V6V+PP Brønderslev, Denmark",5.0,Not Found,1,57.3118,9.894281,https://www.google.com/maps/place/DinCykel/data=!4m7!3m6!1s0x4648d6efdef605e1:0x13944f1b3551f69e!8m2!3d57.3118!4d9.894281!16s%2Fg%2F11g9jdb9yy!19sChIJ4QX23u_WSEYRnvZRNRtPlBM?authuser=0&hl=en&rclk=1
Cykelbutik i Danmark Brønderslev,Brønderslev cykel Service,Bicycle store,"Ålborgvej 123, 9700 Brønderslev, Denmark",+4526706551,"7X49+4C Brønderslev, Denmark",4.3,Not Found,16,57.2552743,9.9685701,https://www.google.com/maps/place/Br%C3%B8nderslev+cykel+Service/data=!4m7!3m6!1s0x4648d58f243d0fcb:0x9088905bb04c398a!8m2!3d57.2552743!4d9.9685701!16s%2Fg%2F1q5blg87y!19sChIJyw89JI_VSEYRijlMsFuQiJA?authuser=0&hl=en&rclk=1
Cykelbutik i Danmark Brønderslev,Np Detailhandel ApS,Bicycle store,"Løkkenvej 196, 9700 Brønderslev, Denmark",+4528717814,"8V6V+PP Brønderslev, Denmark",5.0,http://cykelogscooter.dk/,1,57.3118,9.894281,https://www.google.com/maps/place/Np+Detailhandel+ApS/data=!4m7!3m6!1s0x4648d6efdef605e1:0x2492f17e9fe2a4c3!8m2!3d57.3118!4d9.894281!16s%2Fg%2F11xmzjg2b!19sChIJ4QX23u_WSEYRw6Tin37xkiQ?authuser=0&hl=en&rclk=1
Cykelbutik i Danmark Brønderslev,Brønderslev Bicycle and Scooter,Bicycle store,"Løkkenvej 196, 9700 Brønderslev, Denmark",+4528717814,"8V6V+PP Brønderslev, Denmark",4.7,http://www.cykelogscooter.dk/,40,57.3118,9.894281,https://www.google.com/maps/place/Br%C3%B8nderslev+Bicycle+and+Scooter/data=!4m7!3m6!1s0x4648d6efdef605e1:0x1837aa96923b7cb1!8m2!3d57.3118!4d9.894281!16s%2Fg%2F1hc5c7c27!19sChIJ4QX23u_WSEYRsXw7kpaqNxg?authuser=0&hl=en&rclk=1
Cykelbutik i Danmark Brønshøj,Cykelexperten.dk,Bicycle store,"Slotsherrensvej 103, 2720 København, Denmark",+4572301817,"MFXF+5W Copenhagen, Denmark",4.1,https://cykelexperten.dk/,588,55.6979846,12.4747538,https://www.google.com/maps/place/Cykelexperten.dk+-+DK%27s+st%C3%B8rste+udvalg!/data=!4m7!3m6!1s0x4652572d37567875:0xd594a5c4b4232179!8m2!3d55.697985!4d12.474754!16s%2Fg%2F1td4yg95!19sChIJdXhWNy1XUkYReSEjtMSllNU?authuser=0&hl=en&rclk=1
Cykelbutik i Danmark Brønshøj,Cykelexperten.dk,Bicycle store,"Slotsherrensvej 103, 2720 København, Denmark",+4572301817,"MFXF+5W Copenhagen, Denmark",4.1,https://cykelexperten.dk/,588,55.6979846,12.4747538,https://www.google.com/maps/place/Cykelexperten.dk/data=!4m7!3m6!1s0x4652572d37567875:0xd594a5c4b4232179!8m2!3d55.6979846!4d12.4747538!16s%2Fg%2F1td4yg95!19sChIJdXhWNy1XUkYReSEjtMSllNU?authuser=0&hl=en&rclk=1
Cykelbutik i Danmark Brønshøj,Svanemøllens Cykler,Bicycle store,"Østerbrogade 165, 2100 København, Denmark",+4539204290,"PH8G+4V Copenhagen, Denmark",5.0,http://svanemoellenscykler.dk/,265,55.7152989,12.5772469,https://www.google.com/maps/place/Svanem%C3%B8llens+Cykler/data=!4m7!3m6!1s0x465252f4ca81585b:0x34c0d1745861d32!8m2!3d55.7152989!4d12.5772469!16s%2Fg%2F1hc5ggj9m!19sChIJW1iByvRSUkYRMh2GRRcNTAM?authuser=0&hl=en&rclk=1
Cykelbutik i Danmark Brønshøj,Amladcykler,Bicycle store,"Langelandsvej 47A, 2000 Frederiksberg, Denmark",+4571997799,"MGPJ+F9 Frederiksberg, Denmark",3.5,https://amladcykler.dk/,327,55.6861601,12.5308973,https://www.google.com/maps/place/Amladcykler/data=!4m7!3m6!1s0x465253be5a59c3a9:0x69db48a1c2ade515!8m2!3d55.68616!4d12.530897!16s%2Fg%2F11bxjjhdtf!19sChIJqcNZWr5TUkYRFeWtwqFI22k?authuser=0&hl=en&rclk=1
Cykelbutik i Danmark Brønshøj,Emdrup Cykler,Bicycle store,"Frederiksborgvej 182, 2400 København NV, Denmark",+4520614660,"PGCJ+7J Copenhagen, Denmark",4.6,Not Found,56,55.7206656,12.531587,https://www.google.com/maps/place/Emdrup+Cykler/data=!4m7!3m6!1s0x4652521655ce4bad:0xd027954c372d8440!8m2!3d55.7206656!4d12.531587!16s%2Fg%2F11b6vkf_v4!19sChIJrUvOVRZSUkYRQIQtN0yVJ9A?authuser=0&hl=en&rclk=1
Cykelbutik i Danmark Brønshøj,Bikesoul,Bicycle repair shop,"Frederikssundsvej 237, 2700 København, Denmark",+4560101111,"PF4P+RJ Copenhagen, Denmark",5.0,https://bikesoul.dk/,10,55.7071222,12.486568,https://www.google.com/maps/place/Bikesoul/data=!4m7!3m6!1s0x4652516189fac65f:0x105bc810884d210c!8m2!3d55.7071222!4d12.486568!16s%2Fg%2F11y3dxmbcj!19sChIJX8b6iWFRUkYRDCFNiBDIWxA?authuser=0&hl=en&rclk=1
Cykelbutik i Danmark Brønshøj,Giant Store Andreas Lund,Bicycle store,"Jyllingevej 74, 2720 Vanløse, Denmark",+4526859464,"MFRJ+HH Vanløse, Copenhagen, Denmark",5.0,http://www.giantstore-andreas-lund.dk/,120,55.6914452,12.4814034,https://www.google.com/maps/place/Giant+Store+Andreas+Lund/data=!4m7!3m6!1s0x465251d0b8be2fb7:0x623239bbf135bc8!8m2!3d55.6914452!4d12.4814034!16s%2Fg%2F11rpd9mf2f!19sChIJty--uNBRUkYRyFsTv5sjIwY?authuser=0&hl=en&rclk=1
Cykelbutik i Danmark Brønshøj,Go BikeShop,Bicycle store,"Frederiksborgvej 114, 2400 København NV, Denmark",+4535351013,"PG6J+XW Copenhagen, Denmark",5.0,https://gobikeshop.dk/,17,55.7124219,12.5322993,https://www.google.com/maps/place/Go+BikeShop/data=!4m7!3m6!1s0x465253b3831b3ab7:0x2a99d0abfeeb9a0f!8m2!3d55.7124219!4d12.5322993!16s%2Fg%2F11flgdjpng!19sChIJtzobg7NTUkYRD5rr_qvQmSo?authuser=0&hl=en&rclk=1
Cykelbutik i Danmark Brønshøj,Sali's Bike,Bicycle store,"H. P. Ørums Gade 1, 2100 København, Denmark",+4571529532,"PH56+X2 Copenhagen, Denmark",4.8,https://www.salisbike.dk/,303,55.7099003,12.5600605,https://www.google.com/maps/place/Sali%27s+Bike/data=!4m7!3m6!1s0x4652525bdfe35151:0x98050ea7b9670fa6!8m2!3d55.7099003!4d12.5600605!16s%2Fg%2F11b5pk7rps!19sChIJUVHj31tSUkYRpg9nuacOBZg?authuser=0&hl=en&rclk=1
Cykelbutik i Danmark Brønshøj,Fri BikeShop,Bicycle store,"Frederikssundsvej 184E, 2700 Brønshøj-Husum, Denmark",+4538280634,"PF4V+58 Brønshøj-Husum, Copenhagen, Denmark",3.1,https://www.fribikeshop.dk/butikker/broenshoej,43,55.705428,12.493277,https://www.google.com/maps/place/Fri+BikeShop/data=!4m7!3m6!1s0x46525180ec25779f:0x88364f070feeaa91!8m2!3d55.705428!4d12.493277!16s%2Fg%2F11xgkxspc!19sChIJn3cl7IBRUkYRkaruDwdPNog?authuser=0&hl=en&rclk=1
Cykelbutik i Danmark Brønshøj,Husum cykel service,Bicycle store,"Frederikssundsvej 186, 2700 København, Denmark",+4542427962,"PF4V+56 Copenhagen Municipality, Denmark",2.3,https://www.opendi.dk/broenshoej/286138.html,21,55.7054936,12.4931137,https://www.google.com/maps/place/Husum+cykel+service/data=!4m7!3m6!1s0x46525181150f65df:0x225e61b6b4107873!8m2!3d55.7054936!4d12.4931137!16s%2Fg%2F1hc1tfdhf!19sChIJ32UPFYFRUkYRc3gQtLZhXiI?authuser=0&hl=en&rclk=1
Cykelbutik i Danmark Brønshøj,Ladcyklen.dk,Bicycle store,"Jernbane Allé 19, 2720 København, Denmark",+4582828989,"MFPR+3Q Copenhagen, Denmark",4.4,https://www.ladcyklen.dk/,74,55.6852341,12.4919624,https://www.google.com/maps/place/Ladcyklen.dk/data=!4m7!3m6!1s0x465253d119a73b29:0x8639e5eb890c8801!8m2!3d55.6852341!4d12.4919624!16s%2Fg%2F11cn96f_ck!19sChIJKTunGdFTUkYRAYgMievlOYY?authuser=0&hl=en&rclk=1
Cykelbutik i Danmark Brønshøj,FC Cykler,Bicycle repair shop,"Frederikssundsvej 312B, 2700 København, Denmark",+4529211314,"PF6F+MG Copenhagen, Denmark",3.3,Not Found,12,55.711673,12.4738171,https://www.google.com/maps/place/FC+Cykler/data=!4m7!3m6!1s0x4652517af00a1583:0xe4b44a926f0b3700!8m2!3d55.711673!4d12.4738171!16s%2Fg%2F11js_w8jgx!19sChIJgxUK8HpRUkYRADcLb5JKtOQ?authuser=0&hl=en&rclk=1
Cykelbutik i Danmark Brønshøj,Frederikssundsvej Cykler,Bicycle repair shop,"Frederikssundsvej 208, 2700 København, Denmark",+4550238333,"PF4Q+HM Copenhagen Municipality, Denmark",4.7,Not Found,70,55.7064788,12.4891677,https://www.google.com/maps/place/Frederikssundsvej+Cykler/data=!4m7!3m6!1s0x46525183933646a5:0x2885cf8efa9965e5!8m2!3d55.7064788!4d12.4891677!16s%2Fg%2F11b5pk68rq!19sChIJpUY2k4NRUkYR5WWZ-o7PhSg?authuser=0&hl=en&rclk=1
Cykelbutik i Danmark Brønshøj,City Bike Time,Bicycle store,"Frederikssundsvej 146, C, 2700 København, Denmark",+4532153133,"PG32+WH Copenhagen Municipality, Denmark",3.3,Not Found,36,55.7048267,12.501443,https://www.google.com/maps/place/City+Bike+Time/data=!4m7!3m6!1s0x4652522a40c2695b:0xb5a40635c3f32344!8m2!3d55.7048267!4d12.501443!16s%2Fg%2F1w0p46_h!19sChIJW2nCQCpSUkYRRCPzwzUGpLU?authuser=0&hl=en&rclk=1
Cykelbutik i Danmark Brønshøj,Bellahøj Cykler,Bicycle store,"Frederikssundsvej 114B, 2700 Brønshøj-Husum, Denmark",+4550356689,"PG47+JG Brønshøj-Husum, Copenhagen, Denmark",4.8,https://www.xn--bellahjcykler-gnb.dk/,64,55.7065968,12.5137761,https://www.google.com/maps/place/Bellah%C3%B8j+Cykler/data=!4m7!3m6!1s0x4652522e46d39ab9:0x67e40749a087aedb!8m2!3d55.7065968!4d12.5137761!16s%2Fg%2F11xvx0gzf!19sChIJuZrTRi5SUkYR266HoEkH5Gc?authuser=0&hl=en&rclk=1
Cykelbutik i Danmark Brønshøj,Atlas Cykler,Bicycle store,"Frederikssundsvej 18B, 2400 København, Denmark",+4535827874,"PG2P+J5 Copenhagen, Denmark",4.7,http://www.atlascykler.dk/,61,55.7015876,12.535414,https://www.google.com/maps/place/Atlas+Cykler/data=!4m7!3m6!1s0x4652524bcb63eff3:0x866ba2b66c883abf!8m2!3d55.7015876!4d12.535414!16s%2Fg%2F1w_vlwtt!19sChIJ8-9jy0tSUkYRvzqIbLaia4Y?authuser=0&hl=en&rclk=1
Cykelbutik i Danmark Brønshøj,Lion Cykler,Bicycle store,"Frederikssundsvej 68, 2400 København, Denmark",+4526630266,"PG3G+QW Copenhagen, Denmark",4.4,http://www.noerrebro-shopping.dk/butik/lion-cykler-6857.html,78,55.70442,12.5272505,https://www.google.com/maps/place/Lion+Cykler/data=!4m7!3m6!1s0x465252368e405647:0x782efee7f6c55a68!8m2!3d55.70442!4d12.5272505!16s%2Fg%2F11c6f9g94x!19sChIJR1ZAjjZSUkYRaFrF9uf-Lng?authuser=0&hl=en&rclk=1
Cykelbutik i Danmark Brønshøj,Fri BikeShop,Bicycle store,"Østerbrogade 140, 2100 København Ø, Denmark",+4569692100,"PH4H+W3 Copenhagen, Denmark",4.8,https://www.fribikeshop.dk/butikker/koebenhavn/oesterbrogade,29,55.7072696,12.5777339,https://www.google.com/maps/place/Fri+BikeShop/data=!4m7!3m6!1s0x465253072cc88607:0xc3c384b9d165f05d!8m2!3d55.7072696!4d12.5777339!16s%2Fg%2F11lgnw8s_n!19sChIJB4bILAdTUkYRXfBl0bmEw8M?authuser=0&hl=en&rclk=1
Cykelbutik i Danmark Brønshøj,Brønshøj Cykelværksted,Bicycle store,"Frederikssundsvej 177a, st th, 2700 København, Denmark",+4527822332,"PF3W+RX Copenhagen, Denmark",2.5,Not Found,8,55.7046084,12.4974123,https://www.google.com/maps/place/Br%C3%B8nsh%C3%B8j+Cykelv%C3%A6rksted/data=!4m7!3m6!1s0x465251a3ce28821f:0xa3268d099382b805!8m2!3d55.7046084!4d12.4974123!16s%2Fg%2F11jh4pd0f_!19sChIJH4IozqNRUkYRBbiCkwmNJqM?authuser=0&hl=en&rclk=1
Cykelbutik i Danmark Brønshøj,E-F Cykler,Road cycling,"Emdrupvej 14, 2100 København, Denmark",+4539298968,"PH93+GV Copenhagen, Denmark",4.7,Not Found,50,55.7188117,12.554741,https://www.google.com/maps/place/E-F+Cykler/data=!4m7!3m6!1s0x46525268136aa3a1:0xea127df2f80b776!8m2!3d55.7188117!4d12.554741!16s%2Fg%2F1tsyht9q!19sChIJoaNqE2hSUkYRdreAL98noQ4?authuser=0&hl=en&rclk=1
Cykelbutik i Danmark Brønshøj,Expander Cykler,Bicycle store,"Frederiksborgvej 84, 2400 København, Denmark",+4535810601,"PG5J+7W Copenhagen, Denmark",4.7,Not Found,71,55.7081739,12.5323094,https://www.google.com/maps/place/Expander+Cykler/data=!4m7!3m6!1s0x46525237f2107fd5:0x467fb46185f5a8c2!8m2!3d55.7081739!4d12.5323094!16s%2Fg%2F1hc6zjl_t!19sChIJ1X8Q8jdSUkYRwqj1hWG0f0Y?authuser=0&hl=en&rclk=1
Cykelbutik i Danmark Brønshøj,Alaska Cykler,Bicycle store,"Islevhusvej 7, st, 2700 Brønshøj-Husum, Denmark",+4571873167,"PF6C+HP Brønshøj-Husum, Copenhagen, Denmark",4.3,http://www.alaskacykler.dk/,99,55.7113933,12.4717559,https://www.google.com/maps/place/Alaska+Cykler/data=!4m7!3m6!1s0x46525198fb24a793:0xeee9996ee24762b!8m2!3d55.7113933!4d12.4717559!16s%2Fg%2F11gcn1lzng!19sChIJk6ck-5hRUkYRK3Yk7paZ7g4?authuser=0&hl=en&rclk=1
Cykelbutik i Danmark Charlottenlund,Copenhagen Cycling Club,Bicycle store,"Rådhusvej 3, 2920 Charlottenlund, Denmark",+4531195948,"QH3C+3W Charlottenlund, Denmark",4.9,https://copenhagencyclingclub.com/,62,55.7526993,12.5722975,https://www.google.com/maps/place/Copenhagen+Cycling+Club/data=!4m7!3m6!1s0x46524dfb2f55070f:0x2dbd12638058982f!8m2!3d55.752699!4d12.572297!16s%2Fg%2F11ny1lcvvg!19sChIJDwdVL_tNUkYRL5hYgGMSvS0?authuser=0&hl=en&rclk=1
Cykelbutik i Danmark Charlottenlund,29er Bike Shop,Bicycle store,"Ordrupvej 112, 2920 Charlottenlund, Denmark",+4539652929,"QH59+WR Charlottenlund, Denmark",4.8,https://29erbikeshop.dk/,59,55.7598142,12.5695454,https://www.google.com/maps/place/29er+Bike+Shop/data=!4m7!3m6!1s0x46524d96406dbb4d:0xc305c06191c06475!8m2!3d55.7598142!4d12.5695454!16s%2Fg%2F1hhwmr8mp!19sChIJTbttQJZNUkYRdWTAkWHABcM?authuser=0&hl=en&rclk=1
Cykelbutik i Danmark Charlottenlund,Charlottenlund Cykler & Værksted,Bicycle store,"Jægersborg Alle 29A, 2920 Charlottenlund, Denmark",+4520879514,"QH39+Q8 Charlottenlund, Denmark",4.8,Not Found,26,55.7544664,12.5683033,https://www.google.com/maps/place/Charlottenlund+Cykler+%26+V%C3%A6rksted/data=!4m7!3m6!1s0x46524da3c42f0b2b:0x7e4ec4be2633898f!8m2!3d55.7544664!4d12.5683033!16s%2Fg%2F11lh50tcbj!19sChIJKwsvxKNNUkYRj4kzJr7ETn4?authuser=0&hl=en&rclk=1
Cykelbutik i Danmark Charlottenlund,Copenhagen Cycling Club,Bicycle store,"Rådhusvej 3, 2920 Charlottenlund, Denmark",+4531195948,"QH3C+3W Charlottenlund, Denmark",4.9,https://copenhagencyclingclub.com/,62,55.7526993,12.5722975,https://www.google.com/maps/place/Copenhagen+Cycling+Club/data=!4m7!3m6!1s0x46524dfb2f55070f:0x2dbd12638058982f!8m2!3d55.7526993!4d12.5722975!16s%2Fg%2F11ny1lcvvg!19sChIJDwdVL_tNUkYRL5hYgGMSvS0?authuser=0&hl=en&rclk=1
Cykelbutik i Danmark Copenhagen,Cykelexperten.dk,Bicycle store,"Slotsherrensvej 103, 2720 København, Denmark",+4572301817,"MFXF+5W Copenhagen, Denmark",4.1,https://cykelexperten.dk/,588,55.6979846,12.4747538,https://www.google.com/maps/place/Cykelexperten.dk+-+DK%27s+st%C3%B8rste+udvalg!/data=!4m7!3m6!1s0x4652572d37567875:0xd594a5c4b4232179!8m2!3d55.697985!4d12.474754!16s%2Fg%2F1td4yg95!19sChIJdXhWNy1XUkYReSEjtMSllNU?authuser=0&hl=en&rclk=1
Cykelbutik i Danmark Copenhagen,Cykel Chefen,Bicycle repair shop,"Nørre Søgade 41, 1370 København, Denmark",+4571455073,"MHJ6+RJ Copenhagen, Denmark",4.7,Not Found,151,55.6820532,12.5615966,https://www.google.com/maps/place/Cykel+Chefen/data=!4m7!3m6!1s0x46525308bd7ec527:0x1aa610b4fa5a9395!8m2!3d55.6820532!4d12.5615966!16s%2Fg%2F11_s8zns9!19sChIJJ8V-vQhTUkYRlZNa-rQQpho?authuser=0&hl=en&rclk=1
Cykelbutik i Danmark Copenhagen,Cykelexperten.dk,Bicycle store,"Slotsherrensvej 103, 2720 København, Denmark",+4572301817,"MFXF+5W Copenhagen, Denmark",4.1,https://cykelexperten.dk/,588,55.6979846,12.4747538,https://www.google.com/maps/place/Cykelexperten.dk/data=!4m7!3m6!1s0x4652572d37567875:0xd594a5c4b4232179!8m2!3d55.6979846!4d12.4747538!16s%2Fg%2F1td4yg95!19sChIJdXhWNy1XUkYReSEjtMSllNU?authuser=0&hl=en&rclk=1
Cykelbutik i Danmark Copenhagen,Islands Brygge Cykler,Bicycle store,"Islands Brygge 15, 2300 København, Denmark",+4532202057,"MH9H+37 Copenhagen, Denmark",4.4,https://www.facebook.com/Islandsbryggecykler/,82,55.6676761,12.5781637,https://www.google.com/maps/place/Islands+Brygge+Cykler/data=!4m7!3m6!1s0x4652536afdce7187:0x52181b652d8c664c!8m2!3d55.6676761!4d12.5781637!16s%2Fg%2F11b5pjm4vb!19sChIJh3HO_WpTUkYRTGaMLWUbGFI?authuser=0&hl=en&rclk=1
Cykelbutik i Danmark Copenhagen,P. H. Cycles,Bicycle store,"Blegdamsvej 130, 2100 København, Denmark",+4535423311,"MHXG+CC Copenhagen, Denmark",5.0,https://www.facebook.com/pages/PH-Cykler/131757240368969,79,55.698618,12.576083,https://www.google.com/maps/place/P.+H.+Cycles/data=!4m7!3m6!1s0x465252fb7efe9a8f:0x971f528346346ab4!8m2!3d55.698618!4d12.576083!16s%2Fg%2F1tgh1l88!19sChIJj5r-fvtSUkYRtGo0RoNSH5c?authuser=0&hl=en&rclk=1
Cykelbutik i Danmark Copenhagen,Kgs Have Cykler,Bicycle store,"Sølvgade 26, 1307 København, Denmark",+4526443030,"MHPJ+MQ Copenhagen, Denmark",4.9,https://www.kgshavecykler.dk/,166,55.6866524,12.5818781,https://www.google.com/maps/place/Kgs+Have+Cykler/data=!4m7!3m6!1s0x4652531c07b46287:0x450254b5eac59e34!8m2!3d55.6866524!4d12.5818781!16s%2Fg%2F11c1r1vbfd!19sChIJh2K0BxxTUkYRNJ7F6rVUAkU?authuser=0&hl=en&rclk=1
Cykelbutik i Danmark Copenhagen,Enghave Cykler,Bicycle store,"Enghavevej 63, 1674 København V, Denmark",+4571321683,"MG8V+68 Copenhagen, Denmark",4.5,Not Found,56,55.6655389,12.5433575,https://www.google.com/maps/place/Enghave+Cykler/data=!4m7!3m6!1s0x4652539daba5ea11:0x9f9e3f2a9004d34!8m2!3d55.6655389!4d12.5433575!16s%2Fg%2F1tffsjx_!19sChIJEeqlq51TUkYRNE0AqfLj-Qk?authuser=0&hl=en&rclk=1
Cykelbutik i Danmark Copenhagen,A H Cycles,Bicycle store,"Istedgade 39, 1650 København, Denmark",+4536893800,"MH94+XF Copenhagen, Denmark",4.4,http://www.ahcykler.dk/,104,55.669878,12.5561856,https://www.google.com/maps/place/A+H+Cycles/data=!4m7!3m6!1s0x465253748c37ad6f:0xfbb4571e7d118169!8m2!3d55.669878!4d12.5561856!16s%2Fg%2F1tfq7v94!19sChIJb603jHRTUkYRaYERfR5XtPs?authuser=0&hl=en&rclk=1
Cykelbutik i Danmark Copenhagen,Søgade Cykler,Bicycle store,"Sølvgade 104, 1307 København K, Denmark",+4533159746,"MHRC+7P Copenhagen, Denmark",4.9,http://xn--sgadecykler-ggb.dk/,64,55.6907301,12.5718146,https://www.google.com/maps/place/S%C3%B8gade+Cykler/data=!4m7!3m6!1s0x4652530255db3425:0xb854eedf81f3a118!8m2!3d55.6907301!4d12.5718146!16s%2Fg%2F1hc3sg9hg!19sChIJJTTbVQJTUkYRGKHzgd_uVLg?authuser=0&hl=en&rclk=1
Cykelbutik i Danmark Copenhagen,KBH Ø Cykler,Bicycle store,"Østerbrogade 147, 2100 København, Denmark",+4531221561,"PH7G+FV Copenhagen, Denmark",4.4,https://www.kbhcykler.dk/,60,55.7137327,12.577225,https://www.google.com/maps/place/KBH+%C3%98+Cykler/data=!4m7!3m6!1s0x465252f05336621f:0xa2d17e445128d6f0!8m2!3d55.7137327!4d12.577225!16s%2Fg%2F11cm9x683w!19sChIJH2I2U_BSUkYR8NYoUUR-0aI?authuser=0&hl=en&rclk=1
Cykelbutik i Danmark Copenhagen,CPH Bike Express,Bicycle store,"Borgbjergsvej 39, 2450 København, Denmark",+4532125477,"MG2P+4F Copenhagen, Denmark",4.7,Not Found,154,55.6502846,12.5361444,https://www.google.com/maps/place/CPH+Bike+Express/data=!4m7!3m6!1s0x4652547fa1b2d00b:0x11eb3c5e4ac6667a!8m2!3d55.6502846!4d12.5361444!16s%2Fg%2F11xqvb_wl!19sChIJC9CyoX9UUkYRembGSl486xE?authuser=0&hl=en&rclk=1
Cykelbutik i Danmark Copenhagen,Copenhagen Bikeshop,Bicycle store,"Jagtvej 68, 2200 København, Denmark",+4581741696,"MHW2+99 Copenhagen, Denmark",4.5,http://www.copenhagenbikeshop.dk/,46,55.6959924,12.5509775,https://www.google.com/maps/place/Copenhagen+Bikeshop/data=!4m7!3m6!1s0x4652525338cfe681:0x9419b285fc731be0!8m2!3d55.6959924!4d12.5509775!16s%2Fg%2F11b5pjdb_b!19sChIJgebPOFNSUkYR4Btz_IWyGZQ?authuser=0&hl=en&rclk=1
Cykelbutik i Danmark Copenhagen,Arosa Cykler,Bicycle store,"Vesterbrogade 135, 1620 København, Denmark",+4561653593,"MGCR+36 Copenhagen, Denmark",4.9,http://arosacykler.dk/,47,55.670181,12.5405431,https://www.google.com/maps/place/Arosa+Cykler/data=!4m7!3m6!1s0x465253a08b194225:0x46b9f5508164ac01!8m2!3d55.670181!4d12.5405431!16s%2Fg%2F11clsfv8sm!19sChIJJUIZi6BTUkYRAaxkgVD1uUY?authuser=0&hl=en&rclk=1
Cykelbutik i Danmark Copenhagen,Fri BikeShop,Bicycle store,"Griffenfeldsgade 37, 2200 København N, Denmark",+4535371571,"MHP3+G6 Copenhagen, Denmark",4.2,https://www.fribikeshop.dk/butikker/koebenhavn/noerrebro,78,55.6862501,12.55303,https://www.google.com/maps/place/Fri+BikeShop/data=!4m7!3m6!1s0x465253a8f8e51223:0xff6ae1501f5c2fe7!8m2!3d55.6862501!4d12.55303!16s%2Fg%2F1tgw3m_b!19sChIJIxLl-KhTUkYR5y9cH1Dhav8?authuser=0&hl=en&rclk=1
Cykelbutik i Danmark Copenhagen,Adam Cykler,Bicycle store,"Vesterbrogade 92, 1620 København, Denmark",+4561666398,"MGCX+W9 Copenhagen, Denmark",4.8,http://www.vesterbrogade-shopping.dk/butik/adam-cykler-5047.html,45,55.6723645,12.5484648,https://www.google.com/maps/place/Adam+Cykler/data=!4m7!3m6!1s0x4652539f8d6125d7:0x6aa0643f3896a3d9!8m2!3d55.6723645!4d12.5484648!16s%2Fg%2F1z449wr6p!19sChIJ1yVhjZ9TUkYR2aOWOD9koGo?authuser=0&hl=en&rclk=1
Cykelbutik i Danmark Copenhagen,Cykel Mesteren,Bicycle store,"Borgergade 26, 1300 Indre By, Denmark",+4544940044,"MHMP+WG Indre By, Copenhagen, Denmark",4.8,Not Found,710,55.6848352,12.5863174,https://www.google.com/maps/place/Cykel+Mesteren/data=!4m7!3m6!1s0x46525318d940f123:0x676b455ca9862065!8m2!3d55.6848352!4d12.5863174!16s%2Fg%2F1wk6ycm2!19sChIJI_FA2RhTUkYRZSCGqVxFa2c?authuser=0&hl=en&rclk=1
Cykelbutik i Danmark Copenhagen,Vélo 94,Bicycle store,"Nørrebrogade 94, 2200 København N, Denmark",+4524880001,"MHV2+3M Copenhagen, Denmark",4.3,https://velo94.dk/,92,55.6926563,12.5516345,https://www.google.com/maps/place/V%C3%A9lo+94/data=!4m7!3m6!1s0x465253bdb351141f:0x2b94df3463a8088!8m2!3d55.6926563!4d12.5516345!16s%2Fg%2F11fnxv_09b!19sChIJHxRRs71TUkYRiIA6RvNNuQI?authuser=0&hl=en&rclk=1
Cykelbutik i Danmark Copenhagen,Fri BikeShop,Bicycle store,"Gl. Kongevej 1, 1610 København V, Denmark",+4533218088,"MHF6+Q2 Copenhagen, Denmark",4.2,https://www.fribikeshop.dk/butikker/koebenhavn/urania,116,55.6744025,12.5600332,https://www.google.com/maps/place/Fri+BikeShop/data=!4m7!3m6!1s0x4652530b7e1e852b:0x7b47c63dea124c98!8m2!3d55.6744025!4d12.5600332!16s%2Fg%2F1tflqmdz!19sChIJK4UefgtTUkYRmEwS6j3GR3s?authuser=0&hl=en&rclk=1
Cykelbutik i Danmark Copenhagen,Lindhart Cykler,Bicycle store,"Rømersgade 7, 1362 København, Denmark",+4540708357,"MHM9+83 Copenhagen, Denmark",4.9,https://www.facebook.com/lindhartcykler,47,55.6832613,12.5677076,https://www.google.com/maps/place/Lindhart+Cykler/data=!4m7!3m6!1s0x465253f870aa205d:0xea41b5ebec0fe033!8m2!3d55.6832613!4d12.5677076!16s%2Fg%2F11lt6cq3d8!19sChIJXSCqcPhTUkYRM-AP7Ou1Qeo?authuser=0&hl=en&rclk=1
Cykelbutik i Danmark Copenhagen,Jagtvej Cykler 101,Bicycle store,"Jagtvej 101, 2200 København N, Denmark",+4530642564,"MHW2+84 Copenhagen, Denmark",4.8,Not Found,275,55.695854,12.5503277,https://www.google.com/maps/place/Jagtvej+Cykler+101/data=!4m7!3m6!1s0x465252532e08b1e5:0xf9186ca415fa758d!8m2!3d55.695854!4d12.5503277!16s%2Fg%2F1hc1nvy03!19sChIJ5bEILlNSUkYRjXX6FaRsGPk?authuser=0&hl=en&rclk=1
Cykelbutik i Danmark Copenhagen,Star Bike,Bicycle store,"Rantzausgade 4, 2200 København N, Denmark",+4530303013,"MHP3+55 Copenhagen, Denmark",5.0,https://starbike.dk/,147,55.6854399,12.552933,https://www.google.com/maps/place/Star+Bike/data=!4m7!3m6!1s0x465253a85e528e45:0xdb299bfba3104e31!8m2!3d55.6854399!4d12.552933!16s%2Fg%2F11gpgctxkp!19sChIJRY5SXqhTUkYRMU4Qo_ubKds?authuser=0&hl=en&rclk=1
Cykelbutik i Danmark Copenhagen,Fri BikeShop,Bicycle store,"Østerbrogade 140, 2100 København Ø, Denmark",+4569692100,"PH4H+W3 Copenhagen, Denmark",4.8,https://www.fribikeshop.dk/butikker/koebenhavn/oesterbrogade,29,55.7072696,12.5777339,https://www.google.com/maps/place/Fri+BikeShop/data=!4m7!3m6!1s0x465253072cc88607:0xc3c384b9d165f05d!8m2!3d55.7072696!4d12.5777339!16s%2Fg%2F11lgnw8s_n!19sChIJB4bILAdTUkYRXfBl0bmEw8M?authuser=0&hl=en&rclk=1
Cykelbutik i Danmark Copenhagen,VELOHOUSE - House of E-bikes,Electric bicycle store,"Gammel Køge Landevej 57, 2500 København, Denmark",+4541372100,"MG47+VF Copenhagen, Denmark",4.8,https://velohouse.dk/,122,55.6571329,12.5137375,https://www.google.com/maps/place/VELOHOUSE+-+House+of+E-bikes/data=!4m7!3m6!1s0x465252e7b4f62bc1:0x4d24db8da01195e3!8m2!3d55.6571329!4d12.5137375!16s%2Fg%2F11cm08tdfc!19sChIJwSv2tOdSUkYR45URoI3bJE0?authuser=0&hl=en&rclk=1
Cykelbutik i Danmark Copenhagen,Loop Rentals - Cargo e-Bikes,Tour operator,"Sindshvilevej 4, 2000 København, Denmark",+4561108808,"MGPP+2X Copenhagen, Denmark",4.8,https://loop-rentals.com/,110,55.6850089,12.5374841,https://www.google.com/maps/place/Loop+Rentals+-+Cargo+e-Bikes/data=!4m7!3m6!1s0x465253a8c3a058db:0x6fa0469652f59085!8m2!3d55.685009!4d12.537484!16s%2Fg%2F11h1m4m8ry!19sChIJ21igw6hTUkYRhZD1UpZGoG8?authuser=0&hl=en&rclk=1
Cykelbutik i Danmark Dragør,føtex Food Dragør,Supermarket,"Maglebytorv 2, 2791 Dragør, Denmark",+4532825000,"HMW5+5C Dragør, Denmark",4.1,https://www.foetex.dk/kundeservice/find-din-foetex/,546,55.595415,12.6585759,https://www.google.com/maps/place/f%C3%B8tex+Food+Drag%C3%B8r/data=!4m7!3m6!1s0x4653abace41f8057:0xbd51c50a80d78969!8m2!3d55.595415!4d12.658576!16s%2Fg%2F1hc74y_f0!19sChIJV4Af5KyrU0YRaYnXgArFUb0?authuser=0&hl=en&rclk=1
Cykelbutik i Danmark Dragør,Troels Cykler,Bicycle store,"Hovedgaden 20, 2791 Dragør, Denmark",+4532539099,"HJXP+M6 Dragør, Denmark",4.5,http://www.troelscykler.dk/,31,55.5991405,12.6355701,https://www.google.com/maps/place/Troels+Cykler/data=!4m7!3m6!1s0x4653ab02e1d791c7:0xf93c2f56e7d31a55!8m2!3d55.5991405!4d12.6355701!16s%2Fg%2F1hc72b1wq!19sChIJx5HX4QKrU0YRVRrT51YvPPk?authuser=0&hl=en&rclk=1
Cykelbutik i Danmark Dragør,Dragør Cykler,Bicycle store,"A. P. Møllers Allé 7, 2791 Dragør, Denmark",+4532530534,"JM26+H6 Dragør, Denmark",4.6,http://www.dragoercykler.dk/,27,55.6013879,12.6605673,https://www.google.com/maps/place/Drag%C3%B8r+Cykler/data=!4m7!3m6!1s0x4653abaec55e12e1:0xfd92d39720a38713!8m2!3d55.6013879!4d12.6605673!16s%2Fg%2F11z4mnzgz!19sChIJ4RJexa6rU0YRE4ejIJfTkv0?authuser=0&hl=en&rclk=1
Cykelbutik i Danmark Ebeltoft,Cykel-Simon,Bicycle repair shop,"Kaarsbergsvej 2, 8400 Ebeltoft, Denmark",+4581119974,"5M69+8G Ebeltoft, Denmark",4.5,Not Found,10,56.1608538,10.6687786,https://www.google.com/maps/place/Cykel-Simon/data=!4m7!3m6!1s0xb59f0f2ddcc0c09:0x2fdcf15ed6027c60!8m2!3d56.1608538!4d10.6687786!16s%2Fg%2F11pd3cyfdz!19sChIJCQzM3fLwWQsRYHwC1l7x3C8?authuser=0&hl=en&rclk=1
Cykelbutik i Danmark Ebeltoft,Ebeltoft Mountainbike Track,Sports club,"Søhusvej, 8400 Ebeltoft, Denmark",+458400,"5MGH+WW Ebeltoft, Denmark",4.5,https://www.facebook.com/EbeltoftMTB/,78,56.1772529,10.6797567,https://www.google.com/maps/place/Ebeltoft+Mountainbike+Track/data=!4m7!3m6!1s0x464c34bb6d47ac1b:0x46c726f19fbf83e5!8m2!3d56.1772529!4d10.6797567!16s%2Fg%2F1pp2tjhgm!19sChIJG6xHbbs0TEYR5YO_n_Emx0Y?authuser=0&hl=en&rclk=1
Cykelbutik i Danmark Ebeltoft,Lp Cykler og Maskiner I/S,Bicycle rental service,"Nørrealle 5, 8400 Ebeltoft, Denmark",+4586344777,"6M2J+CH Ebeltoft, Denmark",4.8,https://www.texas.dk/forhandler/lp-cykler-og-maskiner-is/?aid=863447770,94,56.201091,10.6814403,https://www.google.com/maps/place/Lp+Cykler+og+Maskiner+I%2FS/data=!4m7!3m6!1s0x464c335d353d038f:0x6b616115797729db!8m2!3d56.201091!4d10.6814403!16s%2Fg%2F1tj5pbb5!19sChIJjwM9NV0zTEYR2yl3eRVhYWs?authuser=0&hl=en&rclk=1
Cykelbutik i Danmark Ebeltoft,føtex,Supermarket,"Ndr. Strandvej 12-14, 8400 Ebeltoft, Denmark",+4589531000,"6M2H+VG Ebeltoft, Denmark",4.0,https://www.foetex.dk/kundeservice/find-butik/foetex-ebeltoft/c/foetex-ebeltoft/,2190,56.2022165,10.6788737,https://www.google.com/maps/place/f%C3%B8tex+Ebeltoft/data=!4m7!3m6!1s0x464c336830783c69:0xf657d5b4bc1dc18c!8m2!3d56.202216!4d10.678874!16s%2Fg%2F1hc3q51jc!19sChIJaTx4MGgzTEYRjMEdvLTVV_Y?authuser=0&hl=en&rclk=1
Cykelbutik i Danmark Esbjerg,El-ladcykler,Road cycling,"Malervej 2, 6710 Esbjerg V, Denmark",+4571961940,"GC55+8Q Esbjerg V, Esbjerg, Denmark",3.9,http://www.el-ladcykler.dk/,7,55.5082728,8.4094984,https://www.google.com/maps/place/El-ladcykler/data=!4m7!3m6!1s0x464b21e923a5b635:0x8c633a774d273534!8m2!3d55.5082728!4d8.4094984!16s%2Fg%2F11kvqqzq2q!19sChIJNbalI-khS0YRNDUnTXc6Y4w?authuser=0&hl=en&rclk=1
Cykelbutik i Danmark Esbjerg,EFUTURE,Bicycle store,"Stenhuggervej 23, 6710 Esbjerg V, Denmark",+4570605753,"GC58+HJ Esbjerg V, Esbjerg, Denmark",4.8,https://www.efuture.dk/,43,55.5089386,8.4165199,https://www.google.com/maps/place/EFUTURE/data=!4m7!3m6!1s0x464b2088dc7aaaab:0x8a665574dd9aed80!8m2!3d55.5089386!4d8.4165199!16s%2Fg%2F11fsn2kz2x!19sChIJq6p63IggS0YRgO2a3XRVZoo?authuser=0&hl=en&rclk=1
Cykelbutik i Danmark Esbjerg,Cykelhandler Jens Nielsen,Bicycle store,"Storegade 66, 6700 Esbjerg, Denmark",+4575123975,"FFFC+39 Esbjerg, Denmark",5.0,http://www.cykelshop24.dk/cykelhandler-jens-nielsen-esbjerg.htm,13,55.4727283,8.470999,https://www.google.com/maps/place/Cykelhandler+Jens+Nielsen/data=!4m7!3m6!1s0x464b21312462af45:0x412097ee6286edab!8m2!3d55.4727283!4d8.470999!16s%2Fg%2F11xhy7t1h!19sChIJRa9iJDEhS0YRq-2GYu6XIEE?authuser=0&hl=en&rclk=1
Cykelbutik i Danmark Esbjerg,MJ Bicycles,Bicycle repair shop,"Smedevej 11, 6710 Esbjerg V, Denmark",+4523939330,"GC49+66 Esbjerg V, Esbjerg, Denmark",4.7,https://www.mj-bicycles.dk/,41,55.5055896,8.4180541,https://www.google.com/maps/place/MJ+Bicycles/data=!4m7!3m6!1s0x464b212e89ca74b3:0x79f7ffe237144202!8m2!3d55.5055896!4d8.4180541!16s%2Fg%2F1vnrp6d4!19sChIJs3TKiS4hS0YRAkIUN-L_93k?authuser=0&hl=en&rclk=1
Cykelbutik i Danmark Esbjerg,Dansk Racing Sport,Bicycle store,"Kongensgade 117, 6700 Esbjerg, Denmark",+4575451080,"FC9R+3R Esbjerg, Denmark",4.6,http://www.dkracing.dk/,23,55.4677385,8.4420591,https://www.google.com/maps/place/Dansk+Racing+Sport/data=!4m7!3m6!1s0x464b20d4c5c21173:0x97d86c6532f2423c!8m2!3d55.4677385!4d8.4420591!16s%2Fg%2F1thnmcsb!19sChIJcxHCxdQgS0YRPELyMmVs2Jc?authuser=0&hl=en&rclk=1
Cykelbutik i Danmark Esbjerg,El-scootere & Elcykler Esbjerg - Lindebjerg A/S,Bicycle store,"Østre Gjesingvej 13b, 6715 Esbjerg Kommune, Denmark",+4563150000,"GF44+9J Esbjerg Municipality, Denmark",Not Found,https://lindebjerg.dk/shop/cms-103.html,,55.505888,8.4565515,https://www.google.com/maps/place/El-scootere+%26+Elcykler+Esbjerg+-+Lindebjerg+A%2FS/data=!4m7!3m6!1s0x464b21ff28917463:0xaa5316b91ca6f68c!8m2!3d55.505888!4d8.4565515!16s%2Fg%2F11m5d5pxq4!19sChIJY3SRKP8hS0YRjPamHLkWU6o?authuser=0&hl=en&rclk=1
Cykelbutik i Danmark Esbjerg,Design Cykler Esbjerg,Bicycle store,"Østervangsvej 16, 6715 Esbjerg, Denmark",+4575150780,"GF23+PX Esbjerg, Denmark",4.5,http://www.designcykler.dk/shop/cms-Cykelhandler-Esbjerg.html,64,55.5017509,8.4549289,https://www.google.com/maps/place/Design+Cykler+Esbjerg/data=!4m7!3m6!1s0x464b20fd052311f1:0x74219a2152fd7834!8m2!3d55.5017509!4d8.4549289!16s%2Fg%2F1tv22rt9!19sChIJ8REjBf0gS0YRNHj9UiGaIXQ?authuser=0&hl=en&rclk=1
Cykelbutik i Danmark Esbjerg,Boldesager Cykellager,Bicycle store,"Nørrebrogade 108, 6700 Esbjerg, Denmark",+4575122363,"FFH6+MC Esbjerg, Denmark",4.1,http://www.boldesager-cykellager.dk/,30,55.4792412,8.4610032,https://www.google.com/maps/place/Boldesager+Cykellager/data=!4m7!3m6!1s0x464b2125b5f0f2a5:0xaa408fa3a3459760!8m2!3d55.4792412!4d8.4610032!16s%2Fg%2F1trc3kg0!19sChIJpfLwtSUhS0YRYJdFo6OPQKo?authuser=0&hl=en&rclk=1
Cykelbutik i Danmark Esbjerg,Fri BikeShop,Bicycle store,"Gl Vardevej 175, 6715 Esbjerg N, Denmark",+4575133030,"GC2X+WQ Esbjerg N, Esbjerg, Denmark",4.5,https://www.fribikeshop.dk/butikker/esbjerg/nord,88,55.5023359,8.4494593,https://www.google.com/maps/place/Fri+BikeShop/data=!4m7!3m6!1s0x464b20fb770b549f:0x8defd9912ac325e0!8m2!3d55.5023359!4d8.4494593!16s%2Fg%2F1tk_mwfx!19sChIJn1QLd_sgS0YR4CXDKpHZ740?authuser=0&hl=en&rclk=1
Cykelbutik i Danmark Esbjerg,Design Cykler Esbjerg,Bicycle store,"Østervangsvej 16, 6715 Esbjerg, Denmark",+4575150780,"GF23+PX Esbjerg, Denmark",4.5,http://www.designcykler.dk/shop/cms-Cykelhandler-Esbjerg.html,64,55.5017509,8.4549289,https://www.google.com/maps/place/Design+Cykler+Esbjerg/data=!4m7!3m6!1s0x464b20fd052311f1:0x74219a2152fd7834!8m2!3d55.501751!4d8.454929!16s%2Fg%2F1tv22rt9!19sChIJ8REjBf0gS0YRNHj9UiGaIXQ?authuser=0&hl=en&rclk=1
Cykelbutik i Danmark Esbjerg,El-scootere & Elcykler Esbjerg - Lindebjerg A/S,Bicycle store,"Østre Gjesingvej 13b, 6715 Esbjerg Kommune, Denmark",+4563150000,"GF44+9J Esbjerg Municipality, Denmark",Not Found,https://lindebjerg.dk/shop/cms-103.html,,55.505888,8.4565515,https://www.google.com/maps/place/El-scootere+%26+Elcykler+Esbjerg+-+Lindebjerg+A%2FS/data=!4m7!3m6!1s0x464b21ff28917463:0xaa5316b91ca6f68c!8m2!3d55.505888!4d8.456552!16s%2Fg%2F11m5d5pxq4!19sChIJY3SRKP8hS0YRjPamHLkWU6o?authuser=0&hl=en&rclk=1
Cykelbutik i Danmark Esbjerg,Fri BikeShop,Bicycle store,"Storegade 36, 6700 Esbjerg, Denmark",+4575124943,"FFC9+Q3 Esbjerg, Denmark",4.0,https://www.fribikeshop.dk/butikker/esbjerg/centrum,73,55.4719084,8.4677205,https://www.google.com/maps/place/Fri+BikeShop/data=!4m7!3m6!1s0x464b21319922c1af:0x65f2049d2f4697a3!8m2!3d55.4719084!4d8.4677205!16s%2Fg%2F11b6gn83l6!19sChIJr8EimTEhS0YRo5dGL50E8mU?authuser=0&hl=en&rclk=1
Cykelbutik i Danmark Esbjerg,fatBike.dk,Road cycling,"Stenhuggervej 23, 6710 Esbjerg, Denmark",+4570605753,"GC58+JM Esbjerg, Denmark",5.0,https://www.efuture.dk/,1,55.5090076,8.416652,https://www.google.com/maps/place/fatBike.dk/data=!4m7!3m6!1s0x464b20d802f15555:0xe1848bdfa090d0a4!8m2!3d55.5090076!4d8.416652!16s%2Fg%2F11fmw_cqw1!19sChIJVVXxAtggS0YRpNCQoN-LhOE?authuser=0&hl=en&rclk=1
Cykelbutik i Danmark Esbjerg,YMCycle,Bicycle repair shop,"Skolebakken 66, 6700 Esbjerg, Denmark",+4571783172,"FF9P+XJ Esbjerg, Denmark",4.8,http://www.ymcycle.dk/,15,55.4698812,8.4865424,https://www.google.com/maps/place/YMCycle/data=!4m7!3m6!1s0x464b214955c67a07:0xc68e731b0f25da8d!8m2!3d55.4698812!4d8.4865424!16s%2Fg%2F11g6ngt6t2!19sChIJB3rGVUkhS0YRjdolDxtzjsY?authuser=0&hl=en&rclk=1
Cykelbutik i Danmark Esbjerg,Parkvej Cykelsport,Bicycle store,"Parkvej 174, 6710 Esbjerg Kommune, Denmark",+4575154841,"FCX5+2V Esbjerg V, Esbjerg, Denmark",4.4,http://www.parkvejcykelsport.dk/,27,55.4975091,8.4097318,https://www.google.com/maps/place/Parkvej+Cykelsport/data=!4m7!3m6!1s0x464b209a0701b491:0xfb115ee9bbc7aaab!8m2!3d55.4975091!4d8.4097318!16s%2Fg%2F1tff1mr_!19sChIJkbQBB5ogS0YRq6rHu-leEfs?authuser=0&hl=en&rclk=1
Cykelbutik i Danmark Espergærde,Cykelexperten.dk,Bicycle store,"Slotsherrensvej 103, 2720 København, Denmark",+4572301817,"MFXF+5W Copenhagen, Denmark",4.1,https://cykelexperten.dk/,588,55.6979846,12.4747538,https://www.google.com/maps/place/Cykelexperten.dk+-+DK%27s+st%C3%B8rste+udvalg!/data=!4m7!3m6!1s0x4652572d37567875:0xd594a5c4b4232179!8m2!3d55.697985!4d12.474754!16s%2Fg%2F1td4yg95!19sChIJdXhWNy1XUkYReSEjtMSllNU?authuser=0&hl=en&rclk=1
Cykelbutik i Danmark Espergærde,Coach & Bikefit,Bicycle store,"Kongevejen 69, 3000 Helsingør, Denmark",+4526303065,"2HHW+86 Helsingør, Denmark",5.0,Not Found,9,56.028335,12.5955114,https://www.google.com/maps/place/Coach+%26+Bikefit/data=!4m7!3m6!1s0x465230dc905c0b37:0x9ef119fa31512da8!8m2!3d56.028335!4d12.5955114!16s%2Fg%2F1tdq95kz!19sChIJNwtckNwwUkYRqC1RMfoZ8Z4?authuser=0&hl=en&rclk=1
Cykelbutik i Danmark Espergærde,Cykelexperten.dk,Bicycle store,"Slotsherrensvej 103, 2720 København, Denmark",+4572301817,"MFXF+5W Copenhagen, Denmark",4.1,https://cykelexperten.dk/,588,55.6979846,12.4747538,https://www.google.com/maps/place/Cykelexperten.dk/data=!4m7!3m6!1s0x4652572d37567875:0xd594a5c4b4232179!8m2!3d55.6979846!4d12.4747538!16s%2Fg%2F1td4yg95!19sChIJdXhWNy1XUkYReSEjtMSllNU?authuser=0&hl=en&rclk=1
Cykelbutik i Danmark Espergærde,INTERSPORT Espergærde,Sporting goods store,"Vester Torv 16, 3060 Espergærde, Denmark",+4549130303,"XGVV+RP Espergærde, Denmark",4.3,https://www.intersport.dk/butikker,80,55.9945031,12.5443645,https://www.google.com/maps/place/INTERSPORT+Esperg%C3%A6rde/data=!4m7!3m6!1s0x4652373ea09fb35b:0x7d63498fe73617e7!8m2!3d55.9945031!4d12.5443645!16s%2Fg%2F1hc3ns680!19sChIJW7OfoD43UkYR5xc2549JY30?authuser=0&hl=en&rclk=1
Cykelbutik i Danmark Espergærde,Rex Cykler Allerød,Bicycle store,"M D Madsensvej 6, 3450 Lillerød, Denmark",+4577660010,"V9C3+5X Lillerød, Denmark",3.9,https://www.rexcykler.dk/,26,55.870496,12.354937,https://www.google.com/maps/place/Rex+Cykler+Aller%C3%B8d/data=!4m7!3m6!1s0x4652479423656ce1:0xacfa792f4a350758!8m2!3d55.870496!4d12.354937!16s%2Fg%2F11h992y7gb!19sChIJ4WxlI5RHUkYRWAc1Si95-qw?authuser=0&hl=en&rclk=1
Cykelbutik i Danmark Espergærde,Maravelo Hybrid Bicycle Club,Bicycle store,"Hal Kochs Vej 14, 3050 Humlebæk, Denmark",+4522567999,"XG7M+F8 Humlebaek, Denmark",5.0,http://maravelo.dk/,1,55.9636991,12.5333213,https://www.google.com/maps/place/Maravelo+Hybrid+Bicycle+Club/data=!4m7!3m6!1s0x4652370231b14449:0x4e5a99499dd2d31b!8m2!3d55.9636991!4d12.5333213!16s%2Fg%2F11gmcfqhbf!19sChIJSUSxMQI3UkYRG9PSnUmZWk4?authuser=0&hl=en&rclk=1
Cykelbutik i Danmark Espergærde,bikesense,Bicycle repair shop,"Vasevej 125, 3460 Birkerød, Denmark",+4527588770,"RCGJ+V5 Birkerød, Denmark",4.7,https://www.facebook.com/BikeSense3460/,11,55.8272295,12.4304475,https://www.google.com/maps/place/bikesense/data=!4m7!3m6!1s0x465251f231dc1d97:0xf54217d302b7eb5e!8m2!3d55.8272295!4d12.4304475!16s%2Fg%2F11j4q5mmx1!19sChIJlx3cMfJRUkYRXuu3AtMXQvU?authuser=0&hl=en&rclk=1
